,url,product_id,name,description,image_url,unit_price,category,type_product,color,talla
0,tienda2shop/articulo/newborn/2/3200010003,3200010003,MANTA PUNTO ROSA,,https://www.nanos.es/tweb/ul/1/fotos/medium/3200010003.jpg,69.9,Recién Nacido/,Colecc.12-Fam.2-Temporada 20,,
1,tienda2shop/articulo/newborn/2/3200010006,3200010006,MANTA PUNTO CELESTE,,https://www.nanos.es/tweb/ul/1/fotos/medium/3200010006.jpg,69.9,Recién Nacido/,Colecc.11-Fam.2-Temporada 20,,
2,tienda2shop/articulo/newborn/9/3205023503,3205023503,RANITA ROSA,,https://www.nanos.es/tweb/ul/1/fotos/medium/3205023503.jpg,29.9,Recién Nacido/,Colecc.12-Fam.9-Temporada 20,,
3,tienda2shop/articulo/newborn/9/3205263506,3205263506,RANITA CELESTE,,https://www.nanos.es/tweb/ul/1/fotos/medium/3205263506.jpg,29.9,Recién Nacido/,Colecc.11-Fam.9-Temporada 20,,
4,tienda2shop/articulo/newborn/9/3205296606,3205296606,RANITA CELESTE,,https://www.nanos.es/tweb/ul/1/fotos/medium/3205296606.jpg,29.9,Recién Nacido/,Colecc.11-Fam.9-Temporada 20,,
5,tienda2shop/articulo/newborn/3/3203260017,3203260017,BODY CRUDO,,https://www.nanos.es/tweb/ul/1/fotos/medium/3203260017.jpg,49.9,Recién Nacido/,Colecc.11-Fam.3-Temporada 20,,
6,tienda2shop/articulo/newborn/9/3205300017,3205300017,RANITA VIELLA CRUDO,,https://www.nanos.es/tweb/ul/1/fotos/medium/3205300017.jpg,29.9,Recién Nacido/,Colecc.11-Fam.9-Temporada 20,,
7,tienda2shop/articulo/newborn/9/3205286509,3205286509,RANITA GRIS CLARO,,https://www.nanos.es/tweb/ul/1/fotos/medium/3205286509.jpg,29.9,Recién Nacido/,Colecc.11-Fam.9-Temporada 20,,
8,tienda2shop/articulo/newborn/6/3208250009,3208250009,JUBON PUNTO GRIS CLARO,,https://www.nanos.es/tweb/ul/1/fotos/medium/3208250009.jpg,64.9,Recién Nacido/,Colecc.11-Fam.6-Temporada 20,,
9,tienda2shop/articulo/newborn/3/3203284717,3203284717,BLUSA CRUDO,,https://www.nanos.es/tweb/ul/1/fotos/medium/3203284717.jpg,54.9,Recién Nacido/,Colecc.11-Fam.3-Temporada 20,,
10,tienda2shop/articulo/newborn/9/3205310009,3205310009,POLAINA PUNTO GRIS CLARO,,https://www.nanos.es/tweb/ul/1/fotos/medium/3205310009.jpg,39.9,Recién Nacido/,Colecc.11-Fam.9-Temporada 20,,
11,tienda2shop/articulo/newborn/7/3292050003,3292050003,MINI CON BRAGUI ROSA,,https://www.nanos.es/tweb/ul/1/fotos/medium/3292050003.jpg,83.93,Recién Nacido/,Colecc.12-Fam.7-Temporada 20,,
12,tienda2shop/articulo/newborn/2/3290017003,3290017003,GORRO PUNTO ROSA,,https://www.nanos.es/tweb/ul/1/fotos/medium/3290017003.jpg,26.91,Recién Nacido/,Colecc.12-Fam.2-Temporada 20,,
13,tienda2shop/articulo/newborn/2/3290017006,3290017006,GORRO PUNTO CELESTE,,https://www.nanos.es/tweb/ul/1/fotos/medium/3290017006.jpg,29.9,Recién Nacido/,Colecc.12-Fam.2-Temporada 20,,
14,tienda2shop/articulo/newborn/10/3207285717,3207285717,PELELE CRUDO,,https://www.nanos.es/tweb/ul/1/fotos/medium/3207285717.jpg,49.9,Recién Nacido/,Colecc.11-Fam.10-Temporada 20,,
15,tienda2shop/articulo/newborn/10/3207255796,3207255796,PIJAMA PUNTO TERCIOPEL CELESTE,,https://www.nanos.es/tweb/ul/1/fotos/medium/3207255796.jpg,39.9,Recién Nacido/,Colecc.11-Fam.10-Temporada 20,,
16,tienda2shop/articulo/newborn/10/3207015793,3207015793,PELELE PUNTO TERCIOPEL ROSA,,https://www.nanos.es/tweb/ul/1/fotos/medium/3207015793.jpg,49.9,Recién Nacido/,Colecc.12-Fam.10-Temporada 20,,
17,tienda2shop/articulo/newborn/10/3207265717,3207265717,PIJAMA PUNTO CRUDO,,https://www.nanos.es/tweb/ul/1/fotos/medium/3207265717.jpg,49.9,Recién Nacido/,Colecc.11-Fam.10-Temporada 20,,
18,tienda2shop/articulo/newborn/10/3207005703,3207005703,PIJAMA PUNTO ROSA,,https://www.nanos.es/tweb/ul/1/fotos/medium/3207005703.jpg,49.9,Recién Nacido/,Colecc.12-Fam.10-Temporada 20,,
19,tienda2shop/articulo/newborn/2/3290350096,3290350096,GORRO PUNTO CELESTE,,https://www.nanos.es/tweb/ul/1/fotos/medium/3290350096.jpg,19.9,Recién Nacido/,Colecc.11-Fam.2-Temporada 20,,
20,tienda2shop/articulo/newborn/10/3297266596,3297266596,PIJAMA CELESTE,,https://www.nanos.es/tweb/ul/1/fotos/medium/3297266596.jpg,39.9,Recién Nacido/,Colecc.11-Fam.10-Temporada 20,,
21,tienda2shop/articulo/newborn/10/3297016593,3297016593,PIJAMA ROSA,,https://www.nanos.es/tweb/ul/1/fotos/medium/3297016593.jpg,35.91,Recién Nacido/,Colecc.12-Fam.10-Temporada 20,,
22,tienda2shop/articulo/newborn/10/3297025493,3297025493,PIJAMA PUNTO ROSA,,https://www.nanos.es/tweb/ul/1/fotos/medium/3297025493.jpg,35.91,Recién Nacido/,Colecc.12-Fam.10-Temporada 20,,
23,tienda2shop/articulo/newborn/10/3291257018,3291257018,MAMELUCO PUNTO VERDE,,https://www.nanos.es/tweb/ul/1/fotos/medium/3291257018.jpg,89.91,Recién Nacido/,Colecc.11-Fam.10-Temporada 20,,
24,tienda2shop/articulo/newborn/2/3290277018,3290277018,GORRO PUNTO VERDE AGUA,,https://www.nanos.es/tweb/ul/1/fotos/medium/3290277018.jpg,29.9,Recién Nacido/,Colecc.11-Fam.2-Temporada 20,,
25,tienda2shop/articulo/newborn/3/3203290001,3203290001,CHAMBRA BATISTA BLANCO,,https://www.nanos.es/tweb/ul/1/fotos/medium/3203290001.jpg,59.9,Recién Nacido/,Colecc.11-Fam.3-Temporada 20,,
26,tienda2shop/articulo/newborn/9/3295310918,3295310918,RANA VERDE AGUA,,https://www.nanos.es/tweb/ul/1/fotos/medium/3295310918.jpg,27.93,Recién Nacido/,Colecc.11-Fam.9-Temporada 20,,
27,tienda2shop/articulo/newborn/7/3292045517,3292045517,MINI PUNTO CRUDO,,https://www.nanos.es/tweb/ul/1/fotos/medium/3292045517.jpg,69.93,Recién Nacido/,Colecc.12-Fam.7-Temporada 20,,
28,tienda2shop/articulo/newborn/2/3290370017,3290370017,SACO CRUDO,,https://www.nanos.es/tweb/ul/1/fotos/medium/3290370017.jpg,143.91,Recién Nacido/,Colecc.12-Fam.2-Temporada 20,,
29,tienda2shop/articulo/newborn/9/3295255517,3295255517,RANITA CRUDO,,https://www.nanos.es/tweb/ul/1/fotos/medium/3295255517.jpg,29.94,Recién Nacido/,Colecc.11-Fam.9-Temporada 20,,
30,tienda2shop/articulo/newborn/9/3295023303,3295023303,RANITA PLUMETI ROSA,,https://www.nanos.es/tweb/ul/1/fotos/medium/3295023303.jpg,41.93,Recién Nacido/,Colecc.12-Fam.9-Temporada 20,,
31,tienda2shop/articulo/newborn/2/3290267047,3290267047,GORRO PUNTO AZU/PETROL,,https://www.nanos.es/tweb/ul/1/fotos/medium/3290267047.jpg,29.9,Recién Nacido/,Colecc.11-Fam.2-Temporada 20,,
32,tienda2shop/articulo/newborn/10/3298337047,3298337047,PELELE PUNTO AZU/PETROL,,https://www.nanos.es/tweb/ul/1/fotos/medium/3298337047.jpg,89.9,Recién Nacido/,Colecc.11-Fam.10-Temporada 20,,
33,tienda2shop/articulo/newborn/2/3290257006,3290257006,GORRO PUNTO CELESTE,,https://www.nanos.es/tweb/ul/1/fotos/medium/3290257006.jpg,29.9,Recién Nacido/,Colecc.11-Fam.2-Temporada 20,,
34,tienda2shop/articulo/newborn/10/3298347006,3298347006,PELELE PUNTO CELESTE,,https://www.nanos.es/tweb/ul/1/fotos/medium/3298347006.jpg,79.9,Recién Nacido/,Colecc.11-Fam.10-Temporada 20,,
35,tienda2shop/articulo/newborn/2/3290297008,3290297008,GORRO PUNTO AZULON,,https://www.nanos.es/tweb/ul/1/fotos/medium/3290297008.jpg,39.9,Recién Nacido/,Colecc.11-Fam.2-Temporada 20,,
36,tienda2shop/articulo/newborn/9/3295307008,3295307008,RANA PUNTO AZULON,,https://www.nanos.es/tweb/ul/1/fotos/medium/3295307008.jpg,48.93,Recién Nacido/,Colecc.11-Fam.9-Temporada 20,,
37,tienda2shop/articulo/newborn/9/3295037006,3295037006,PELELE PUNTO CELESTE,,https://www.nanos.es/tweb/ul/1/fotos/medium/3295037006.jpg,62.91,Recién Nacido/,Colecc.11-Fam.9-Temporada 20,,
38,tienda2shop/articulo/newborn/6/3298277017,3298277017,CHAQUETA PUNTO CRUDO,,https://www.nanos.es/tweb/ul/1/fotos/medium/3298277017.jpg,69.9,Recién Nacido/,Colecc.11-Fam.6-Temporada 20,,
39,tienda2shop/articulo/newborn/9/3295285808,3295285808,RANA MICROPANA AZULON,,https://www.nanos.es/tweb/ul/1/fotos/medium/3295285808.jpg,27.93,Recién Nacido/,Colecc.11-Fam.9-Temporada 20,,
40,tienda2shop/articulo/newborn/9/3295293406,3295293406,RANITA MICROPANA CELESTE,,https://www.nanos.es/tweb/ul/1/fotos/medium/3295293406.jpg,53.91,Recién Nacido/,Colecc.11-Fam.9-Temporada 20,,
41,tienda2shop/articulo/newborn/7/3202016203,3202016203,MINI CON BRAGUI ROSA,,https://www.nanos.es/tweb/ul/1/fotos/medium/3202016203.jpg,99.9,Recién Nacido/,Colecc.12-Fam.7-Temporada 20,,
42,tienda2shop/articulo/newborn/7/3202003593,3202003593,MINI PLUMETI ROSA,,https://www.nanos.es/tweb/ul/1/fotos/medium/3202003593.jpg,89.9,Recién Nacido/,Colecc.12-Fam.7-Temporada 20,,
43,tienda2shop/articulo/newborn/7/3202023517,3202023517,FALDON CRUDO,,https://www.nanos.es/tweb/ul/1/fotos/medium/3202023517.jpg,99.9,Recién Nacido/,Colecc.12-Fam.7-Temporada 20,,
44,tienda2shop/articulo/newborn/9/3205030003,3205030003,POLAINA PUNTO ROSA,,https://www.nanos.es/tweb/ul/1/fotos/medium/3205030003.jpg,39.9,Recién Nacido/,Colecc.12-Fam.9-Temporada 20,,
45,tienda2shop/articulo/newborn/9/3205030006,3205030006,POLAINA PUNTO CELESTE,,https://www.nanos.es/tweb/ul/1/fotos/medium/3205030006.jpg,39.9,Recién Nacido/,Colecc.11-Fam.9-Temporada 20,,
46,tienda2shop/articulo/newborn/9/3205253517,3205253517,RANITA CRUDO,,https://www.nanos.es/tweb/ul/1/fotos/medium/3205253517.jpg,29.9,Recién Nacido/,Colecc.11-Fam.9-Temporada 20,,
47,tienda2shop/articulo/newborn/9/3205016303,3205016303,RANITA ROSA,,https://www.nanos.es/tweb/ul/1/fotos/medium/3205016303.jpg,29.9,Recién Nacido/,Colecc.12-Fam.9-Temporada 20,,
48,tienda2shop/articulo/newborn/6/3298007073,3298007073,CHAQUETA PUNTO ROSA,,https://www.nanos.es/tweb/ul/1/fotos/medium/3298007073.jpg,62.91,Recién Nacido/,Colecc.12-Fam.6-Temporada 20,,
49,tienda2shop/articulo/newborn/6/3208317006,3208317006,CHAQUETA PUNTO CELESTE,,https://www.nanos.es/tweb/ul/1/fotos/medium/3208317006.jpg,69.9,Recién Nacido/,Colecc.11-Fam.6-Temporada 20,,
50,tienda2shop/articulo/newborn/6/3208017073,3208017073,CHAQUETA PUNTO ROSA,,https://www.nanos.es/tweb/ul/1/fotos/medium/3208017073.jpg,69.9,Recién Nacido/,Colecc.12-Fam.6-Temporada 20,,
51,tienda2shop/articulo/newborn/6/3298257017,3298257017,JUBON PUNTO CRUDO,,https://www.nanos.es/tweb/ul/1/fotos/medium/3298257017.jpg,59.9,Recién Nacido/,Colecc.11-Fam.6-Temporada 20,,
52,tienda2shop/articulo/newborn/6/3208006903,3208006903,JUBON PUNTO ROSA,,https://www.nanos.es/tweb/ul/1/fotos/medium/3208006903.jpg,59.9,Recién Nacido/,Colecc.12-Fam.6-Temporada 20,,
53,tienda2shop/articulo/newborn/6/3208006906,3208006906,JUBON PUNTO CELESTE,,https://www.nanos.es/tweb/ul/1/fotos/medium/3208006906.jpg,59.9,Recién Nacido/,Colecc.11-Fam.6-Temporada 20,,
54,tienda2shop/articulo/newborn/3/3293005703,3293005703,CHAMBRA ROSA,,https://www.nanos.es/tweb/ul/1/fotos/medium/3293005703.jpg,44.91,Recién Nacido/,Colecc.12-Fam.3-Temporada 20,,
55,tienda2shop/articulo/newborn/3/3203253517,3203253517,BLUSITA PLUMETI CRUDO,,https://www.nanos.es/tweb/ul/1/fotos/medium/3203253517.jpg,49.9,Recién Nacido/,Colecc.11-Fam.3-Temporada 20,,
56,tienda2shop/articulo/newborn/3/3293230017,3293230017,BODY CRUDO,,https://www.nanos.es/tweb/ul/1/fotos/medium/3293230017.jpg,49.9,Recién Nacido/,Colecc.11-Fam.3-Temporada 20,,
57,tienda2shop/articulo/newborn/10/3201253506,3201253506,MAMELUCO VIELLA CELESTE,,https://www.nanos.es/tweb/ul/1/fotos/medium/3201253506.jpg,79.9,Recién Nacido/,Colecc.11-Fam.10-Temporada 20,,
58,tienda2shop/articulo/newborn/10/3201263517,3201263517,MAMELUCO CRUDO,,https://www.nanos.es/tweb/ul/1/fotos/medium/3201263517.jpg,99.9,Recién Nacido/,Colecc.11-Fam.10-Temporada 20,,
59,tienda2shop/articulo/newborn/2/3200250006,3200250006,GORRO PUNTO CELESTE,,https://www.nanos.es/tweb/ul/1/fotos/medium/3200250006.jpg,39.9,Recién Nacido/,Colecc.11-Fam.2-Temporada 20,,
60,tienda2shop/articulo/baby-girl/6/2017022403,2017022403,SUDADERA ROSA,,https://www.nanos.es/tweb/ul/1/fotos/medium/2017022403.jpg,59.9,Bebé Niña/,Colecc.2-Fam.6-Temporada 20,,
61,tienda2shop/articulo/baby-girl/9/2015001103,2015001103,PANTALON MICROPANA ROSA,,https://www.nanos.es/tweb/ul/1/fotos/medium/2015001103.jpg,29.94,Bebé Niña/,Colecc.2-Fam.9-Temporada 20,,
62,tienda2shop/articulo/baby-girl/6/2017002507,2017002507,SUDADERA FELPA MARINO,,https://www.nanos.es/tweb/ul/1/fotos/medium/2017002507.jpg,47.94,Bebé Niña/,Colecc.2-Fam.6-Temporada 20,,
63,tienda2shop/articulo/baby-girl/3/2013045917,2013045917,CAMISETA PUNTO CRUDO,,https://www.nanos.es/tweb/ul/1/fotos/medium/2013045917.jpg,35.94,Bebé Niña/,Colecc.2-Fam.3-Temporada 20,,
64,tienda2shop/articulo/baby-girl/9/2015055607,2015055607,PANTALON VAQUERO MARINO,,https://www.nanos.es/tweb/ul/1/fotos/medium/2015055607.jpg,34.93,Bebé Niña/,Colecc.2-Fam.9-Temporada 20,,
65,tienda2shop/articulo/baby-girl/2/2010030013,2010030013,LAZO FUCSIA,,https://www.nanos.es/tweb/ul/1/fotos/medium/2010030013.jpg,5.53,Bebé Niña/,Colecc.2-Fam.2-Temporada 20,,
66,tienda2shop/articulo/baby-girl/4/2083000003,2083000003,BOTA SIN SUELA B10310.598 PINK,,https://www.nanos.es/tweb/ul/1/fotos/medium/2083000003.jpg,39,Bebé Niña/,Colecc.2-Fam.4-Temporada 20,,
67,tienda2shop/articulo/baby-girl/3/2013032103,2013032103,BLUSA ROSA,,https://www.nanos.es/tweb/ul/1/fotos/medium/2013032103.jpg,34.93,Bebé Niña/,Colecc.2-Fam.3-Temporada 20,,
68,tienda2shop/articulo/baby-girl/2/2010067063,2010067063,GORRO POMPON LA PUNTO ROSA,,https://www.nanos.es/tweb/ul/1/fotos/medium/2010067063.jpg,27.93,Bebé Niña/,Colecc.2-Fam.2-Temporada 20,,
69,tienda2shop/articulo/baby-girl/2/2010057063,2010057063,BUFANDA POMON L PUNTO ROSA,,https://www.nanos.es/tweb/ul/1/fotos/medium/2010057063.jpg,34.93,Bebé Niña/,Colecc.2-Fam.2-Temporada 20,,
70,tienda2shop/articulo/baby-girl/2/2010040095,2010040095,HORQUILLA BB TURQUESA,,https://www.nanos.es/tweb/ul/1/fotos/medium/2010040095.jpg,5.53,Bebé Niña/,Colecc.2-Fam.2-Temporada 20,,
71,tienda2shop/articulo/baby-girl/2/2010040026,2010040026,HORQUILLA BB ROSA PALO,,https://www.nanos.es/tweb/ul/1/fotos/medium/2010040026.jpg,5.53,Bebé Niña/,Colecc.2-Fam.2-Temporada 20,,
72,tienda2shop/articulo/baby-girl/6/2018027003,2018027003,CHAQUETA PUNTO ROSA,,https://www.nanos.es/tweb/ul/1/fotos/medium/2018027003.jpg,39.95,Bebé Niña/,Colecc.2-Fam.6-Temporada 20,,
73,tienda2shop/articulo/baby-girl/3/2013050017,2013050017,BLUSA BATISTA CRUDO,,https://www.nanos.es/tweb/ul/1/fotos/medium/2013050017.jpg,34.93,Bebé Niña/,Colecc.2-Fam.3-Temporada 20,,
74,tienda2shop/articulo/baby-girl/9/2015021016,2015021016,PANTALON LONETA MALVA,,https://www.nanos.es/tweb/ul/1/fotos/medium/2015021016.jpg,38.43,Bebé Niña/,Colecc.2-Fam.9-Temporada 20,,
75,tienda2shop/articulo/baby-girl/2/2010030006,2010030006,LAZO CELESTE,,https://www.nanos.es/tweb/ul/1/fotos/medium/2010030006.jpg,4.74,Bebé Niña/,Colecc.2-Fam.2-Temporada 20,,
76,tienda2shop/articulo/baby-girl/6/2018036917,2018036917,CHAQUETA CRUDO,,https://www.nanos.es/tweb/ul/1/fotos/medium/2018036917.jpg,48.93,Bebé Niña/,Colecc.2-Fam.6-Temporada 20,,
77,tienda2shop/articulo/baby-girl/6/2018046996,2018046996,CHAQUETA PUNTO CELESTE,,https://www.nanos.es/tweb/ul/1/fotos/medium/2018046996.jpg,48.93,Bebé Niña/,Colecc.2-Fam.6-Temporada 20,,
78,tienda2shop/articulo/baby-girl/2/2010013517,2010013517,CAPOTA PLUMETI CRUDO,,https://www.nanos.es/tweb/ul/1/fotos/medium/2010013517.jpg,27.93,Bebé Niña/,Colecc.2-Fam.2-Temporada 20,,
79,tienda2shop/articulo/baby-girl/1/2018347009,2018347009,ABRIGO PUNTO GRIS CLARO,,https://www.nanos.es/tweb/ul/1/fotos/medium/2018347009.jpg,62.93,Bebé Niña/,Colecc.2-Fam.1-Temporada 20,,
80,tienda2shop/articulo/baby-girl/1/2019055203,2019055203,GABARDINA ROSA,,https://www.nanos.es/tweb/ul/1/fotos/medium/2019055203.jpg,129.9,Bebé Niña/,Colecc.2-Fam.1-Temporada 20,,
81,tienda2shop/articulo/baby-girl/1/2019067909,2019067909,ABRIGO GRIS CLARO,,https://www.nanos.es/tweb/ul/1/fotos/medium/2019067909.jpg,119.94,Bebé Niña/,Colecc.2-Fam.1-Temporada 20,,
82,tienda2shop/articulo/baby-girl/6/2018057003,2018057003,CHAQUETA PUNTO ROSA,,https://www.nanos.es/tweb/ul/1/fotos/medium/2018057003.jpg,29.95,Bebé Niña/,Colecc.2-Fam.6-Temporada 20,,
83,tienda2shop/articulo/baby-girl/1/2018067020,2018067020,ABRIGO PUNTO SALMON,,https://www.nanos.es/tweb/ul/1/fotos/medium/2018067020.jpg,34.95,Bebé Niña/,Colecc.2-Fam.1-Temporada 20,,
84,tienda2shop/articulo/baby-girl/4/2083010023,2083010023,BOTA NIÑA/O B10737.598 CHESNUT CA,,https://www.nanos.es/tweb/ul/1/fotos/medium/2083010023.jpg,39.2,Bebé Niña/,Colecc.2-Fam.4-Temporada 20,,
85,tienda2shop/articulo/baby-girl/4/2083000010,2083000010,BOTA SIN SUELA B10310.598 CHARCOAL,,https://www.nanos.es/tweb/ul/1/fotos/medium/2083000010.jpg,31.2,Bebé Niña/,Colecc.2-Fam.4-Temporada 20,,
86,tienda2shop/articulo/baby-girl/4/2083260009,2083260009,MERCEDES NIÑA 8901.176 GRIS MUEST,,https://www.nanos.es/tweb/ul/1/fotos/medium/2083260009.jpg,51.92,Bebé Niña/,Colecc.2-Fam.4-Temporada 20,,
87,tienda2shop/articulo/baby-girl/4/2083260023,2083260023,MERCEDES NIÑA 8901.176 TOSTADO,,https://www.nanos.es/tweb/ul/1/fotos/medium/2083260023.jpg?20201103162337,55.92,Bebé Niña/,Colecc.2-Fam.4-Temporada 20,,
88,tienda2shop/articulo/baby-girl/1/2019005503,2019005503,ABRIGO PELO ROSA,,https://www.nanos.es/tweb/ul/1/fotos/medium/2019005503.jpg,104.93,Bebé Niña/,Colecc.2-Fam.1-Temporada 20,,
89,tienda2shop/articulo/baby-girl/7/2012012909,2012012909,MINI GRIS CLARO,,https://www.nanos.es/tweb/ul/1/fotos/medium/2012012909.jpg,83.93,Bebé Niña/,Colecc.2-Fam.7-Temporada 20,,
90,tienda2shop/articulo/baby-girl/7/2012021517,2012021517,MINI CRUDO,,https://www.nanos.es/tweb/ul/1/fotos/medium/2012021517.jpg,83.94,Bebé Niña/,Colecc.2-Fam.7-Temporada 20,,
91,tienda2shop/articulo/baby-girl/7/2012033018,2012033018,MINI VIELLA VERDE AGUA,,https://www.nanos.es/tweb/ul/1/fotos/medium/2012033018.jpg,77.94,Bebé Niña/,Colecc.2-Fam.7-Temporada 20,,
92,tienda2shop/articulo/baby-girl/7/2012053517,2012053517,MINI PLUMETI CRUDO,,https://www.nanos.es/tweb/ul/1/fotos/medium/2012053517.jpg,97.93,Bebé Niña/,Colecc.2-Fam.7-Temporada 20,,
93,tienda2shop/articulo/baby-girl/7/2012000307,2012000307,MINI FRANELA MARINO,,https://www.nanos.es/tweb/ul/1/fotos/medium/2012000307.jpg,83.94,Bebé Niña/,Colecc.2-Fam.7-Temporada 20,,
94,tienda2shop/articulo/baby-girl/9/2015040508,2015040508,RANITA BAMBULA AZULON,,https://www.nanos.es/tweb/ul/1/fotos/medium/2015040508.jpg,41.94,Bebé Niña/,Colecc.2-Fam.9-Temporada 20,,
95,tienda2shop/articulo/baby-girl/9/2015011103,2015011103,RANITA MICROPANA ROSA,,https://www.nanos.es/tweb/ul/1/fotos/medium/2015011103.jpg,24.95,Bebé Niña/,Colecc.2-Fam.9-Temporada 20,,
96,tienda2shop/articulo/baby-girl/6/2017012408,2017012408,SUDADERA FELPA AZULON,,https://www.nanos.es/tweb/ul/1/fotos/medium/2017012408.jpg,47.94,Bebé Niña/,Colecc.2-Fam.6-Temporada 20,,
97,tienda2shop/articulo/baby-girl/6/2018017093,2018017093,JERSEY PUNTO ROSA,,https://www.nanos.es/tweb/ul/1/fotos/medium/2018017093.jpg,44.94,Bebé Niña/,Colecc.2-Fam.6-Temporada 20,,
98,tienda2shop/articulo/baby-girl/3/2013024601,2013024601,BLUSA BATISTA BLANCO,,https://www.nanos.es/tweb/ul/1/fotos/medium/2013024601.jpg,35.94,Bebé Niña/,Colecc.2-Fam.3-Temporada 20,,
99,tienda2shop/articulo/baby-girl/4/2083210003,2083210003,BADANA NIÑA 5580.176 ROSA,,https://www.nanos.es/tweb/ul/1/fotos/medium/2083210003.jpg,31.92,Bebé Niña/,Colecc.2-Fam.4-Temporada 20,,
100,tienda2shop/articulo/baby-girl/4/2083510023,2083510023,MERCEDES NIÑA 8901 VEREDA.176 ARENA,,https://www.nanos.es/tweb/ul/1/fotos/medium/2083510023.jpg,55.92,Bebé Niña/,Colecc.2-Fam.4-Temporada 20,,
101,tienda2shop/articulo/baby-girl/2/2010107003,2010107003,CAPOTA PUNTO ROSA,,https://www.nanos.es/tweb/ul/1/fotos/medium/2010107003.jpg,23.94,Bebé Niña/,Colecc.2-Fam.2-Temporada 20,,
102,tienda2shop/articulo/baby-boy/6/2017261807,2017261807,SUDADERA FELPA MARINO,,https://www.nanos.es/tweb/ul/1/fotos/medium/2017261807.jpg,52.43,Bebé Niño/,Colecc.3-Fam.6-Temporada 20,,
103,tienda2shop/articulo/baby-boy/2/2010280004,2010280004,GORRO ROJO,,https://www.nanos.es/tweb/ul/1/fotos/medium/2010280004.jpg,29.94,Bebé Niño/,Colecc.3-Fam.2-Temporada 20,,
104,tienda2shop/articulo/baby-boy/2/2010377062,2010377062,BUFANDA PUNTO CEREZA,,https://www.nanos.es/tweb/ul/1/fotos/medium/2010377062.jpg,44.94,Bebé Niño/,Colecc.3-Fam.2-Temporada 20,,
105,tienda2shop/articulo/baby-boy/6/2018256994,2018256994,JERSEY PUNTO ROJO,,https://www.nanos.es/tweb/ul/1/fotos/medium/2018256994.jpg,41.94,Bebé Niño/,Colecc.3-Fam.6-Temporada 20,,
106,tienda2shop/articulo/baby-boy/2/2010296909,2010296909,GORRO PUNTO GRIS CLARO,,https://www.nanos.es/tweb/ul/1/fotos/medium/2010296909.jpg,27.93,Bebé Niño/,Colecc.3-Fam.2-Temporada 20,,
107,tienda2shop/articulo/baby-boy/2/2010306909,2010306909,BUFANDA PUNTO GRIS CLARO,,https://www.nanos.es/tweb/ul/1/fotos/medium/2010306909.jpg,34.93,Bebé Niño/,Colecc.3-Fam.2-Temporada 20,,
108,tienda2shop/articulo/baby-boy/6/2018317009,2018317009,JERSEY PUNTO GRIS CLARO,,https://www.nanos.es/tweb/ul/1/fotos/medium/2018317009.jpg,44.94,Bebé Niño/,Colecc.3-Fam.6-Temporada 20,,
109,tienda2shop/articulo/baby-boy/3/2013365901,2013365901,POLO PUNTO BLANCO,,https://www.nanos.es/tweb/ul/1/fotos/medium/2013365901.jpg,29.94,Bebé Niño/,Colecc.3-Fam.3-Temporada 20,,
110,tienda2shop/articulo/baby-boy/9/2015314307,2015314307,RANITA MARINO,,https://www.nanos.es/tweb/ul/1/fotos/medium/2015314307.jpg,38.43,Bebé Niño/,Colecc.3-Fam.9-Temporada 20,,
111,tienda2shop/articulo/baby-boy/3/2013346617,2013346617,BLUSA VIELLA CRUDO,,https://www.nanos.es/tweb/ul/1/fotos/medium/2013346617.jpg,23.94,Bebé Niño/,Colecc.3-Fam.3-Temporada 20,,
112,tienda2shop/articulo/baby-boy/9/2015324906,2015324906,RANITA MICROPANA CELESTE,,https://www.nanos.es/tweb/ul/1/fotos/medium/2015324906.jpg,24.95,Bebé Niño/,Colecc.3-Fam.9-Temporada 20,,
113,tienda2shop/articulo/baby-boy/3/2013251517,2013251517,CAMISA VIELLA CRUDO,,https://www.nanos.es/tweb/ul/1/fotos/medium/2013251517.jpg,29.94,Bebé Niño/,Colecc.3-Fam.3-Temporada 20,,
114,tienda2shop/articulo/baby-boy/9/2015345209,2015345209,RANITA GRIS CLARO,,https://www.nanos.es/tweb/ul/1/fotos/medium/2015345209.jpg,27.45,Bebé Niño/,Colecc.3-Fam.9-Temporada 20,,
115,tienda2shop/articulo/baby-boy/9/2015291208,2015291208,PANTALON PANA AZULON,,https://www.nanos.es/tweb/ul/1/fotos/medium/2015291208.jpg,32.94,Bebé Niño/,Colecc.3-Fam.9-Temporada 20,,
116,tienda2shop/articulo/baby-boy/2/2010337062,2010337062,GORRO PUNTO CEREZA,,https://www.nanos.es/tweb/ul/1/fotos/medium/2010337062.jpg,32.94,Bebé Niño/,Colecc.3-Fam.2-Temporada 20,,
117,tienda2shop/articulo/baby-boy/6/2018277021,2018277021,JERSEY PUNTO TOSTADO,,https://www.nanos.es/tweb/ul/1/fotos/medium/2018277021.jpg,47.94,Bebé Niño/,Colecc.3-Fam.6-Temporada 20,,
118,tienda2shop/articulo/baby-boy/3/2013283117,2013283117,BLUSA VIELLA CRUDO,,https://www.nanos.es/tweb/ul/1/fotos/medium/2013283117.jpg,32.94,Bebé Niño/,Colecc.3-Fam.3-Temporada 20,,
119,tienda2shop/articulo/baby-boy/9/2015261069,2015261069,RANITA LONETA GRIS PIEDR,,https://www.nanos.es/tweb/ul/1/fotos/medium/2015261069.jpg,49.9,Bebé Niño/,Colecc.3-Fam.9-Temporada 20,,
120,tienda2shop/articulo/baby-boy/4/2083270023,2083270023,BOTITA NIÑO 8900.176 TOSTADO,,https://www.nanos.es/tweb/ul/1/fotos/medium/2083270023.jpg,55.92,Bebé Niño/,Colecc.3-Fam.4-Temporada 20,,
121,tienda2shop/articulo/baby-boy/9/2015251025,2015251025,PANTALON LONETA GRANATE,,https://www.nanos.es/tweb/ul/1/fotos/medium/2015251025.jpg,29.94,Bebé Niño/,Colecc.3-Fam.9-Temporada 20,,
122,tienda2shop/articulo/baby-boy/9/2015271069,2015271069,PANTALON LONETA GRIS PIEDR,,https://www.nanos.es/tweb/ul/1/fotos/medium/2015271069.jpg,29.94,Bebé Niño/,Colecc.3-Fam.9-Temporada 20,,
123,tienda2shop/articulo/baby-boy/9/2015281133,2015281133,PANTALON MICROPANA MOSTAZA,,https://www.nanos.es/tweb/ul/1/fotos/medium/2015281133.jpg,34.93,Bebé Niño/,Colecc.3-Fam.9-Temporada 20,,
124,tienda2shop/articulo/baby-boy/4/2083040009,2083040009,BOTIN NIÑO 1250154.629 ANTRACITA,,https://www.nanos.es/tweb/ul/1/fotos/medium/2083040009.jpg,44.72,Bebé Niño/,Colecc.3-Fam.4-Temporada 20,,
125,tienda2shop/articulo/baby-boy/4/2083040093,2083040093,BOTA NIÑA 1250154.629 BALLET,,https://www.nanos.es/tweb/ul/1/fotos/medium/2083040093.jpg,44.72,Bebé Niño/,Colecc.3-Fam.4-Temporada 20,,
126,tienda2shop/articulo/baby-boy/1/2019255409,2019255409,ABRIGO DOBLE FAZ GRIS CLARO,,https://www.nanos.es/tweb/ul/1/fotos/medium/2019255409.jpg,77.94,Bebé Niño/,Colecc.3-Fam.1-Temporada 20,,
127,tienda2shop/articulo/baby-boy/0/2010267021,2010267021,GORRO POMPON L TOSTADO,,https://www.nanos.es/tweb/ul/1/fotos/medium/2010267021.jpg,23.94,Bebé Niño/,Colecc.3-Fam.0-Temporada 20,,
128,tienda2shop/articulo/baby-boy/2/2010257021,2010257021,BUFANDAPOMPON L TOSTADO,,https://www.nanos.es/tweb/ul/1/fotos/medium/2010257021.jpg,29.94,Bebé Niño/,Colecc.3-Fam.2-Temporada 20,,
129,tienda2shop/articulo/baby-boy/2/2010277021,2010277021,MANOPLAS TOSTADO,,https://www.nanos.es/tweb/ul/1/fotos/medium/2010277021.jpg,11.94,Bebé Niño/,Colecc.3-Fam.2-Temporada 20,,
130,tienda2shop/articulo/baby-boy/3/2013293207,2013293207,CAMISA MARINO,,https://www.nanos.es/tweb/ul/1/fotos/medium/2013293207.jpg,27.45,Bebé Niño/,Colecc.3-Fam.3-Temporada 20,,
131,tienda2shop/articulo/baby-boy/3/2013271406,2013271406,CAMISA CELESTE,,https://www.nanos.es/tweb/ul/1/fotos/medium/2013271406.jpg,38.43,Bebé Niño/,Colecc.3-Fam.3-Temporada 20,,
132,tienda2shop/articulo/baby-boy/3/2013352006,2013352006,BLUSA POPELIN CELESTE,,https://www.nanos.es/tweb/ul/1/fotos/medium/2013352006.jpg,29.94,Bebé Niño/,Colecc.3-Fam.3-Temporada 20,,
133,tienda2shop/articulo/baby-boy/4/2083230017,2083230017,BADANA BEBE 5151.176 CRUDO,,https://www.nanos.es/tweb/ul/1/fotos/medium/2083230017.jpg,39.9,Bebé Niño/,Colecc.3-Fam.4-Temporada 20,,
134,tienda2shop/articulo/baby-boy/4/2083250009,2083250009,BADANA BEBE 4046.176 GRIS,,https://www.nanos.es/tweb/ul/1/fotos/medium/2083250009.jpg,31.92,Bebé Niño/,Colecc.3-Fam.4-Temporada 20,,
135,tienda2shop/articulo/baby-boy/4/2083240006,2083240006,BADANA BEBE 5151-1.176 CELESTE,,https://www.nanos.es/tweb/ul/1/fotos/medium/2083240006.jpg,31.92,Bebé Niño/,Colecc.3-Fam.4-Temporada 20,,
136,tienda2shop/articulo/baby-boy/4/2083220017,2083220017,BADANA BEBE 5583.176 CRUDO,,https://www.nanos.es/tweb/ul/1/fotos/medium/2083220017.jpg,31.92,Bebé Niño/,Colecc.3-Fam.4-Temporada 20,,
137,tienda2shop/articulo/baby-boy/2/2084540039,2084540039,CALCETIN POMPON 3015/2.356 230 GR.REC,,https://www.nanos.es/tweb/ul/1/fotos/medium/2084540039.jpg,7.92,Bebé Niño/,Colecc.3-Fam.2-Temporada 20,,
138,tienda2shop/articulo/baby-boy/2/2084530009,2084530009,CALCETIN CANALE 2016/2.356 230 GR.REC,,https://www.nanos.es/tweb/ul/1/fotos/medium/2084530009.jpg,5.52,Bebé Niño/,Colecc.3-Fam.2-Temporada 20,,
139,tienda2shop/articulo/baby-boy/2/2084280039,2084280039,CALCETIN ALT.LU 3220/2.356 221 GR.REC,,https://www.nanos.es/tweb/ul/1/fotos/medium/2084280039.jpg,7.12,Bebé Niño/,Colecc.3-Fam.2-Temporada 20,,
140,tienda2shop/articulo/baby-boy/2/2084530025,2084530025,CALCETIN CANALE 2016/2.356 590 GRA.RE,,https://www.nanos.es/tweb/ul/1/fotos/medium/2084530025.jpg,5.52,Bebé Niño/,Colecc.3-Fam.2-Temporada 20,,
141,tienda2shop/articulo/baby-boy/2/2084290009,2084290009,LEOT.CAN.LUREX 3220/1.356 230 GRIS,,https://www.nanos.es/tweb/ul/1/fotos/medium/2084290009.jpg,15.92,Bebé Niño/,Colecc.3-Fam.2-Temporada 20,,
142,tienda2shop/articulo/baby-boy/2/2084530014,2084530014,CALCETIN CANALE 1996/2.356 900 NGR.RE,,https://www.nanos.es/tweb/ul/1/fotos/medium/2084530014.jpg,5.52,Bebé Niño/,Colecc.3-Fam.2-Temporada 20,,
143,tienda2shop/articulo/baby-boy/2/2084280009,2084280009,CALCETIN ALT.LU 3220/2.356 230 GRIS,,https://www.nanos.es/tweb/ul/1/fotos/medium/2084280009.jpg,7.12,Bebé Niño/,Colecc.3-Fam.2-Temporada 20,,
144,tienda2shop/articulo/baby-boy/2/2084590039,2084590039,CALCETIN LUREX 3819/4.356 230 GR.REC,,https://www.nanos.es/tweb/ul/1/fotos/medium/2084590039.jpg,5.52,Bebé Niño/,Colecc.3-Fam.2-Temporada 20,,
145,tienda2shop/articulo/baby-boy/1/2019313710,2019313710,ABRIGO GRISOSCURO,,https://www.nanos.es/tweb/ul/1/fotos/medium/2019313710.jpg,64.95,Bebé Niño/,Colecc.3-Fam.1-Temporada 20,,
146,tienda2shop/articulo/baby-boy/1/2019301321,2019301321,ABRIGO DOBLE FAZ TOSTADO,,https://www.nanos.es/tweb/ul/1/fotos/medium/2019301321.jpg,71.94,Bebé Niño/,Colecc.3-Fam.1-Temporada 20,,
147,tienda2shop/articulo/baby-boy/1/2019265209,2019265209,CHAQUETON GRIS CLARO,,https://www.nanos.es/tweb/ul/1/fotos/medium/2019265209.jpg,74.95,Bebé Niño/,Colecc.3-Fam.1-Temporada 20,,
148,tienda2shop/articulo/baby-boy/9/2015303410,2015303410,RANITA PANA GRISOSCURO,,https://www.nanos.es/tweb/ul/1/fotos/medium/2015303410.jpg,29.94,Bebé Niño/,Colecc.3-Fam.9-Temporada 20,,
149,tienda2shop/articulo/baby-boy/6/2017252308,2017252308,SUDADERA FELPA AZULON,,https://www.nanos.es/tweb/ul/1/fotos/medium/2017252308.jpg,38.94,Bebé Niño/,Colecc.3-Fam.6-Temporada 20,,
150,tienda2shop/articulo/baby-boy/6/2018336996,2018336996,CHAQUETA PUNTO CELESTE,,https://www.nanos.es/tweb/ul/1/fotos/medium/2018336996.jpg,59.43,Bebé Niño/,Colecc.3-Fam.6-Temporada 20,,
151,tienda2shop/articulo/baby-boy/6/2018287009,2018287009,JERSEY GRIS CLARO,,https://www.nanos.es/tweb/ul/1/fotos/medium/2018287009.jpg,44.94,Bebé Niño/,Colecc.3-Fam.6-Temporada 20,,
152,tienda2shop/articulo/baby-boy/6/2018327004,2018327004,JERSEY PUNTO ROJO,,https://www.nanos.es/tweb/ul/1/fotos/medium/2018327004.jpg,44.94,Bebé Niño/,Colecc.3-Fam.6-Temporada 20,,
153,tienda2shop/articulo/baby-boy/3/2013315306,2013315306,BLUSA CELESTE,,https://www.nanos.es/tweb/ul/1/fotos/medium/2013315306.jpg,29.94,Bebé Niño/,Colecc.3-Fam.3-Temporada 20,,
154,tienda2shop/articulo/baby-boy/3/2013260307,2013260307,CAMISA VIELLA MARINO,,https://www.nanos.es/tweb/ul/1/fotos/medium/2013260307.jpg,24.95,Bebé Niño/,Colecc.3-Fam.3-Temporada 20,,
155,tienda2shop/articulo/baby-boy/4/2083520023,2083520023,BOTA NIÑO 8900 VEREDA.176 TOSTADO,,https://www.nanos.es/tweb/ul/1/fotos/medium/2083520023.jpg,55.92,Bebé Niño/,Colecc.3-Fam.4-Temporada 20,,
156,tienda2shop/articulo/girl/7/2012574007,2012574007,VESTIDO VIELLA MARINO,,https://www.nanos.es/tweb/ul/1/fotos/medium/2012574007.jpg,97.93,Niña/,Colecc.6-Fam.7-Temporada 20,,
157,tienda2shop/articulo/girl/2/2010517093,2010517093,GORRO PUNTO ROSA,,https://www.nanos.es/tweb/ul/1/fotos/medium/2010517093.jpg,29.94,Niña/Complementos,Colecc.6-Fam.2-Temporada 20,,
158,tienda2shop/articulo/girl/6/2018587093,2018587093,JERSEY PUNTO ROSA,,https://www.nanos.es/tweb/ul/1/fotos/medium/2018587093.jpg,53.94,Niña/,Colecc.6-Fam.6-Temporada 20,,
159,tienda2shop/articulo/girl/2/2010947013,2010947013,GORRO PUNTO FUCSIA,,https://www.nanos.es/tweb/ul/1/fotos/medium/2010947013.jpg,49.9,Niña/Complementos,Colecc.6-Fam.2-Temporada 20,,
160,tienda2shop/articulo/girl/2/2010600007,2010600007,COLETERO MARINO,,https://www.nanos.es/tweb/ul/1/fotos/medium/2010600007.jpg,4.74,Niña/Complementos,Colecc.6-Fam.2-Temporada 20,,
161,tienda2shop/articulo/girl/4/2083100012,2083100012,ZUECO NIÑA FW2013.641 CUADR.VERD,,https://www.nanos.es/tweb/ul/1/fotos/medium/2083100012.jpg,48.93,Niña/,Colecc.6-Fam.4-Temporada 20,,
162,tienda2shop/articulo/girl/9/2015511003,2015511003,PETO LONETA ROSA,,https://www.nanos.es/tweb/ul/1/fotos/medium/2015511003.jpg,55.93,Niña/,Colecc.6-Fam.9-Temporada 20,,
163,tienda2shop/articulo/girl/9/2015500108,2015500108,PANTALON PANA AZULON,,https://www.nanos.es/tweb/ul/1/fotos/medium/2015500108.jpg,44.95,Niña/,Colecc.6-Fam.9-Temporada 20,,
164,tienda2shop/articulo/girl/6/2018607063,2018607063,CHAQUETA PUNTO ROSA,,https://www.nanos.es/tweb/ul/1/fotos/medium/2018607063.jpg,62.93,Niña/,Colecc.6-Fam.6-Temporada 20,,
165,tienda2shop/articulo/girl/2/2010570003,2010570003,DIADEMA ROSA,,https://www.nanos.es/tweb/ul/1/fotos/medium/2010570003.jpg,23.94,Niña/Complementos,Colecc.6-Fam.2-Temporada 20,,
166,tienda2shop/articulo/girl/2/2010580003,2010580003,DIADEMA ROSA,,https://www.nanos.es/tweb/ul/1/fotos/medium/2010580003.jpg,23.94,Niña/Complementos,Colecc.6-Fam.2-Temporada 20,,
167,tienda2shop/articulo/girl/2/2010530018,2010530018,COLLAR VERDE AGUA,,https://www.nanos.es/tweb/ul/1/fotos/medium/2010530018.jpg,5.94,Niña/Complementos,Colecc.6-Fam.2-Temporada 20,,
168,tienda2shop/articulo/girl/7/2012500217,2012500217,VESTIDO VIELLA CRUDO,,https://www.nanos.es/tweb/ul/1/fotos/medium/2012500217.jpg,77.94,Niña/,Colecc.6-Fam.7-Temporada 20,,
169,tienda2shop/articulo/girl/4/2083090023,2083090023,BOTA CAMPERA CAMPERA.641 CUERO,,https://www.nanos.es/tweb/ul/1/fotos/medium/2083090023.jpg,87.92,Niña/,Colecc.6-Fam.4-Temporada 20,,
170,tienda2shop/articulo/girl/2/2010560003,2010560003,HORQUILLA ROSA,,https://www.nanos.es/tweb/ul/1/fotos/medium/2010560003.jpg,7.74,Niña/Complementos,Colecc.6-Fam.2-Temporada 20,,
171,tienda2shop/articulo/girl/1/2019536824,2019536824,PARKA VERDE KAKI,,https://www.nanos.es/tweb/ul/1/fotos/medium/2019536824.jpg,153.93,Niña/Abrigos y Cazadoras,Colecc.6-Fam.1-Temporada 20,,
172,tienda2shop/articulo/girl/8/2014544906,2014544906,PICHI MICROPANA CELESTE,,https://www.nanos.es/tweb/ul/1/fotos/medium/2014544906.jpg,69.95,Niña/,Colecc.6-Fam.8-Temporada 20,,
173,tienda2shop/articulo/girl/2/2010630095,2010630095,HORQUILLA TURQUESA,,https://www.nanos.es/tweb/ul/1/fotos/medium/2010630095.jpg,4.74,Niña/Complementos,Colecc.6-Fam.2-Temporada 20,,
174,tienda2shop/articulo/girl/2/2010630026,2010630026,HORQUILLA ROSA PALO,,https://www.nanos.es/tweb/ul/1/fotos/medium/2010630026.jpg,4.74,Niña/Complementos,Colecc.6-Fam.2-Temporada 20,,
175,tienda2shop/articulo/girl/3/2013616817,2013616817,BLUSA NIÑA CRUDO,,https://www.nanos.es/tweb/ul/1/fotos/medium/2013616817.jpg,48.93,"Niña/Camisas, Polos y Camisetas",Colecc.6-Fam.3-Temporada 20,,
176,tienda2shop/articulo/girl/9/2015593903,2015593903,SHORT VIELLA ROSA,,https://www.nanos.es/tweb/ul/1/fotos/medium/2015593903.jpg,29.95,Niña/,Colecc.6-Fam.9-Temporada 20,,
177,tienda2shop/articulo/girl/2/2010967026,2010967026,BOINA ROSA PALO,,https://www.nanos.es/tweb/ul/1/fotos/medium/2010967026.jpg,69.9,Niña/Complementos,Colecc.6-Fam.2-Temporada 20,,
178,tienda2shop/articulo/girl/6/2018617026,2018617026,JERSEY PUNTO ROSA PALO,,https://www.nanos.es/tweb/ul/1/fotos/medium/2018617026.jpg,34.95,Niña/,Colecc.6-Fam.6-Temporada 20,,
179,tienda2shop/articulo/girl/3/2013595917,2013595917,CAMISETA PUNTO CRUDO,,https://www.nanos.es/tweb/ul/1/fotos/medium/2013595917.jpg,35.94,"Niña/Camisas, Polos y Camisetas",Colecc.6-Fam.3-Temporada 20,,
180,tienda2shop/articulo/girl/1/2019501003,2019501003,CAZADORA LONETA ROSA,,https://www.nanos.es/tweb/ul/1/fotos/medium/2019501003.jpg,104.93,Niña/Abrigos y Cazadoras,Colecc.6-Fam.1-Temporada 20,,
181,tienda2shop/articulo/girl/9/2015575014,2015575014,PANTALON VAQUERO NEGRO,,https://www.nanos.es/tweb/ul/1/fotos/medium/2015575014.jpg,39.95,Niña/,Colecc.6-Fam.9-Temporada 20,,
182,tienda2shop/articulo/girl/2/2010620013,2010620013,LAZO FUCSIA,,https://www.nanos.es/tweb/ul/1/fotos/medium/2010620013.jpg,4.74,Niña/Complementos,Colecc.6-Fam.2-Temporada 20,,
183,tienda2shop/articulo/girl/3/2013542103,2013542103,BLUSA ROSA,,https://www.nanos.es/tweb/ul/1/fotos/medium/2013542103.jpg,55.93,"Niña/Camisas, Polos y Camisetas",Colecc.6-Fam.3-Temporada 20,,
184,tienda2shop/articulo/girl/2/2010987014,2010987014,CUELLO PUNTO NEGRO,,https://www.nanos.es/tweb/ul/1/fotos/medium/2010987014.jpg,49.9,Niña/Complementos,Colecc.6-Fam.2-Temporada 20,,
185,tienda2shop/articulo/girl/2/2010997014,2010997014,GUANTES PUNTO NEGRO,,https://www.nanos.es/tweb/ul/1/fotos/medium/2010997014.jpg,24.9,Niña/Complementos,Colecc.6-Fam.2-Temporada 20,,
186,tienda2shop/articulo/girl/4/2083200028,2083200028,DEPORTIVO NIÑA 3423.176 GLOTTER DR,,https://www.nanos.es/tweb/ul/1/fotos/medium/2083200028.jpg,63.92,Niña/,Colecc.6-Fam.4-Temporada 20,,
187,tienda2shop/articulo/girl/2/2010620002,2010620002,LAZO ALLO,,https://www.nanos.es/tweb/ul/1/fotos/medium/2010620002.jpg,4.74,Niña/Complementos,Colecc.6-Fam.2-Temporada 20,,
188,tienda2shop/articulo/girl/3/2013561602,2013561602,BLUSA ALLO,,https://www.nanos.es/tweb/ul/1/fotos/medium/2013561602.jpg,41.94,"Niña/Camisas, Polos y Camisetas",Colecc.6-Fam.3-Temporada 20,,
189,tienda2shop/articulo/girl/9/2015530907,2015530907,PANTALON VAQUERO MARINO,,https://www.nanos.es/tweb/ul/1/fotos/medium/2015530907.jpg,55.93,Niña/,Colecc.6-Fam.9-Temporada 20,,
190,tienda2shop/articulo/girl/9/2015565114,2015565114,PANTALON NEGRO,,https://www.nanos.es/tweb/ul/1/fotos/medium/2015565114.jpg,47.94,Niña/,Colecc.6-Fam.9-Temporada 20,,
191,tienda2shop/articulo/girl/9/2015521002,2015521002,PANTALON LONETA ALLO,,https://www.nanos.es/tweb/ul/1/fotos/medium/2015521002.jpg,55.93,Niña/,Colecc.6-Fam.9-Temporada 20,,
192,tienda2shop/articulo/girl/4/2083080014,2083080014,BOTA MILITAR FW2032.641 NEGRO,,https://www.nanos.es/tweb/ul/1/fotos/medium/2083080014.jpg,79.92,Niña/,Colecc.6-Fam.4-Temporada 20,,
193,tienda2shop/articulo/girl/4/2083030014,2083030014,BOTA NIÑA AB130501.359 NEGRO,,https://www.nanos.es/tweb/ul/1/fotos/medium/2083030014.jpg,47.92,Niña/,Colecc.6-Fam.4-Temporada 20,,
194,tienda2shop/articulo/girl/4/2083400014,2083400014,BOTA NIÑA 4083NA.359 NEGRO,,https://www.nanos.es/tweb/ul/1/fotos/medium/2083400014.jpg,86.32,Niña/,Colecc.6-Fam.4-Temporada 20,,
195,tienda2shop/articulo/girl/4/2083450023,2083450023,BOTA SKIMO BOOT.641 CUERO,,https://www.nanos.es/tweb/ul/1/fotos/medium/2083450023.jpg,59.43,Niña/,Colecc.6-Fam.4-Temporada 20,,
196,tienda2shop/articulo/girl/6/2017501807,2017501807,SUDADERA FELPA MARINO,,https://www.nanos.es/tweb/ul/1/fotos/medium/2017501807.jpg,55.93,Niña/,Colecc.6-Fam.6-Temporada 20,,
197,tienda2shop/articulo/girl/6/2017562408,2017562408,SUDADERA FELPA AZULON,,https://www.nanos.es/tweb/ul/1/fotos/medium/2017562408.jpg,53.94,Niña/,Colecc.6-Fam.6-Temporada 20,,
198,tienda2shop/articulo/girl/1/2089460007,2089460007,PLUMIFERO NIÑA TONKA 8270.630 MARINO.REC,,https://www.nanos.es/tweb/ul/1/fotos/medium/2089460007.jpg,139.93,Niña/Abrigos y Cazadoras,Colecc.6-Fam.1-Temporada 20,,
199,tienda2shop/articulo/girl/1/2019526108,2019526108,CAZADORA AZULON,,https://www.nanos.es/tweb/ul/1/fotos/medium/2019526108.jpg,99.95,Niña/Abrigos y Cazadoras,Colecc.6-Fam.1-Temporada 20,,
200,tienda2shop/articulo/girl/2/2010508503,2010508503,CUELLO PUNTO ROSA,,https://www.nanos.es/tweb/ul/1/fotos/medium/2010508503.jpg,29.94,Niña/Complementos,Colecc.6-Fam.2-Temporada 20,,
201,tienda2shop/articulo/girl/2/2010558510,2010558510,CUELLO GRISOSCURO,,https://www.nanos.es/tweb/ul/1/fotos/medium/2010558510.jpg,29.94,Niña/Complementos,Colecc.6-Fam.2-Temporada 20,,
202,tienda2shop/articulo/girl/3/2013522001,2013522001,BLUSA BLANCO,,https://www.nanos.es/tweb/ul/1/fotos/medium/2013522001.jpg,48.93,"Niña/Camisas, Polos y Camisetas",Colecc.6-Fam.3-Temporada 20,,
203,tienda2shop/articulo/girl/9/2015541016,2015541016,PANTALON MALVA,,https://www.nanos.es/tweb/ul/1/fotos/medium/2015541016.jpg,48.93,Niña/,Colecc.6-Fam.9-Temporada 20,,
204,tienda2shop/articulo/girl/2/2010590008,2010590008,DIADEMA AZULON,,https://www.nanos.es/tweb/ul/1/fotos/medium/2010590008.jpg,23.94,Niña/Complementos,Colecc.6-Fam.2-Temporada 20,,
205,tienda2shop/articulo/girl/6/2018567009,2018567009,JERSEY PUNTO GRIS CLARO,,https://www.nanos.es/tweb/ul/1/fotos/medium/2018567009.jpg,44.95,Niña/,Colecc.6-Fam.6-Temporada 20,,
206,tienda2shop/articulo/girl/6/2018557023,2018557023,JERSEY PUNTO BEIGE,,https://www.nanos.es/tweb/ul/1/fotos/medium/2018557023.jpg,44.95,Niña/,Colecc.6-Fam.6-Temporada 20,,
207,tienda2shop/articulo/girl/2/2010610033,2010610033,LAZO MOSTAZA,,https://www.nanos.es/tweb/ul/1/fotos/medium/2010610033.jpg,5.94,Niña/Complementos,Colecc.6-Fam.2-Temporada 20,,
208,tienda2shop/articulo/girl/3/2013500843,2013500843,BLUSA ALGODON CORAL,,https://www.nanos.es/tweb/ul/1/fotos/medium/2013500843.jpg,39.95,"Niña/Camisas, Polos y Camisetas",Colecc.6-Fam.3-Temporada 20,,
209,tienda2shop/articulo/girl/8/2014504733,2014504733,FALDA PANA MOSTAZA,,https://www.nanos.es/tweb/ul/1/fotos/medium/2014504733.jpg,41.94,Niña/,Colecc.6-Fam.8-Temporada 20,,
210,tienda2shop/articulo/girl/8/2014535124,2014535124,FALDA MICROPANA VERDE KAKI,,https://www.nanos.es/tweb/ul/1/fotos/medium/2014535124.jpg,69.9,Niña/,Colecc.6-Fam.8-Temporada 20,,
211,tienda2shop/articulo/girl/8/2014525014,2014525014,FALDA VAQUERA NEGRO,,https://www.nanos.es/tweb/ul/1/fotos/medium/2014525014.jpg,34.95,Niña/,Colecc.6-Fam.8-Temporada 20,,
212,tienda2shop/articulo/girl/1/2019543424,2019543424,PARKA LONETA VERDE KAKI,,https://www.nanos.es/tweb/ul/1/fotos/medium/2019543424.jpg,99.95,Niña/Abrigos y Cazadoras,Colecc.6-Fam.1-Temporada 20,,
213,tienda2shop/articulo/girl/3/2013575909,2013575909,CAMISETA PUNTO GRIS CLARO,,https://www.nanos.es/tweb/ul/1/fotos/medium/2013575909.jpg,41.94,"Niña/Camisas, Polos y Camisetas",Colecc.6-Fam.3-Temporada 20,,
214,tienda2shop/articulo/girl/4/2083020023,2083020023,BOTA NIÑA/O K10103.598 CHESNUT,,https://www.nanos.es/tweb/ul/1/fotos/medium/2083020023.jpg,39.2,Niña/,Colecc.6-Fam.4-Temporada 20,,
215,tienda2shop/articulo/girl/2/2010977026,2010977026,GORRO PUNTO ROSA PALO,,https://www.nanos.es/tweb/ul/1/fotos/medium/2010977026.jpg,59.9,Niña/Complementos,Colecc.6-Fam.2-Temporada 20,,
216,tienda2shop/articulo/girl/2/2010957014,2010957014,BOINA NEGRO,,https://www.nanos.es/tweb/ul/1/fotos/medium/2010957014.jpg,69.9,Niña/Complementos,Colecc.6-Fam.2-Temporada 20,,
217,tienda2shop/articulo/girl/6/2018526923,2018526923,JERSEY PUNTO BEIGE,,https://www.nanos.es/tweb/ul/1/fotos/medium/2018526923.jpg,53.94,Niña/,Colecc.6-Fam.6-Temporada 20,,
218,tienda2shop/articulo/girl/3/2013532117,2013532117,CAMISA CRUDO,,https://www.nanos.es/tweb/ul/1/fotos/medium/2013532117.jpg,34.95,"Niña/Camisas, Polos y Camisetas",Colecc.6-Fam.3-Temporada 20,,
219,tienda2shop/articulo/girl/9/2015554814,2015554814,PANTALON NEGRO,,https://www.nanos.es/tweb/ul/1/fotos/medium/2015554814.jpg,55.93,Niña/,Colecc.6-Fam.9-Temporada 20,,
220,tienda2shop/articulo/girl/2/2010647062,2010647062,BOINA CEREZA,,https://www.nanos.es/tweb/ul/1/fotos/medium/2010647062.jpg,69.9,Niña/Complementos,Colecc.6-Fam.2-Temporada 20,,
221,tienda2shop/articulo/girl/3/2013624017,2013624017,BLUSA CRUDO,,https://www.nanos.es/tweb/ul/1/fotos/medium/2013624017.jpg,34.95,"Niña/Camisas, Polos y Camisetas",Colecc.6-Fam.3-Temporada 20,,
222,tienda2shop/articulo/girl/8/2014562710,2014562710,FALDA GRISOSCURO,,https://www.nanos.es/tweb/ul/1/fotos/medium/2014562710.jpg,55.93,Niña/,Colecc.6-Fam.8-Temporada 20,,
223,tienda2shop/articulo/girl/1/2019576807,2019576807,ABRIGO MARINO,,https://www.nanos.es/tweb/ul/1/fotos/medium/2019576807.jpg,99.95,Niña/Abrigos y Cazadoras,Colecc.6-Fam.1-Temporada 20,,
224,tienda2shop/articulo/girl/2/2010620004,2010620004,LAZO ROJO,,https://www.nanos.es/tweb/ul/1/fotos/medium/2010620004.jpg,4.74,Niña/Complementos,Colecc.6-Fam.2-Temporada 20,,
225,tienda2shop/articulo/girl/6/2018627009,2018627009,CHAQUETA PUNTO GRIS CLARO,,https://www.nanos.es/tweb/ul/1/fotos/medium/2018627009.jpg,59.94,Niña/,Colecc.6-Fam.6-Temporada 20,,
226,tienda2shop/articulo/girl/2/5119990025,5119990025,BOLSO VIRGINIE PIQUE GRANATE,,https://www.nanos.es/tweb/ul/1/fotos/medium/5119990025.jpg,69.9,Niña/Complementos,Colecc.6-Fam.2-Temporada 20,,
227,tienda2shop/articulo/girl/7/2012510307,2012510307,VESTIDO FRANELA MARINO,,https://www.nanos.es/tweb/ul/1/fotos/medium/2012510307.jpg,74.95,Niña/,Colecc.6-Fam.7-Temporada 20,,
228,tienda2shop/articulo/girl/7/2012530508,2012530508,VESTIDO BAMBULA AZULON,,https://www.nanos.es/tweb/ul/1/fotos/medium/2012530508.jpg,97.93,Niña/,Colecc.6-Fam.7-Temporada 20,,
229,tienda2shop/articulo/girl/1/2019551321,2019551321,ABRIGO DOBLE FAZ TOSTADO,,https://www.nanos.es/tweb/ul/1/fotos/medium/2019551321.jpg,95.94,Niña/Abrigos y Cazadoras,Colecc.6-Fam.1-Temporada 20,,
230,tienda2shop/articulo/girl/1/2089020003,2089020003,PLUMIFERO MOD.MICA.971 ROSA,,https://www.nanos.es/tweb/ul/1/fotos/medium/2089020003.jpg,143.92,Niña/Abrigos y Cazadoras,Colecc.6-Fam.1-Temporada 20,,
231,tienda2shop/articulo/girl/1/2089030009,2089030009,PLUMIFERO DOWN HUGO.972 504 ANTRAC,,https://www.nanos.es/tweb/ul/1/fotos/medium/2089030009.jpg,103.92,Niña/Abrigos y Cazadoras,Colecc.6-Fam.1-Temporada 20,,
232,tienda2shop/articulo/girl/1/2019565203,2019565203,PARKA ROSA,,https://www.nanos.es/tweb/ul/1/fotos/medium/2019565203.jpg,107.94,Niña/Abrigos y Cazadoras,Colecc.6-Fam.1-Temporada 20,,
233,tienda2shop/articulo/girl/7/2012540647,2012540647,VESTIDO VIELLA AZU/PETROL,,https://www.nanos.es/tweb/ul/1/fotos/medium/2012540647.jpg,89.94,Niña/,Colecc.6-Fam.7-Temporada 20,,
234,tienda2shop/articulo/girl/7/2012520412,2012520412,VESTIDO VERDE BOT.,,https://www.nanos.es/tweb/ul/1/fotos/medium/2012520412.jpg,83.94,Niña/,Colecc.6-Fam.7-Temporada 20,,
235,tienda2shop/articulo/girl/8/2014550010,2014550010,FALDA TERCIOPELO GRISOSCURO,,https://www.nanos.es/tweb/ul/1/fotos/medium/2014550010.jpg,47.94,Niña/,Colecc.6-Fam.8-Temporada 20,,
236,tienda2shop/articulo/girl/6/2017542507,2017542507,SUDADERA FELPA MARINO,,https://www.nanos.es/tweb/ul/1/fotos/medium/2017542507.jpg,53.94,Niña/,Colecc.6-Fam.6-Temporada 20,,
237,tienda2shop/articulo/girl/6/2017572433,2017572433,SUDADERA FELPA MOSTAZA,,https://www.nanos.es/tweb/ul/1/fotos/medium/2017572433.jpg,53.94,Niña/,Colecc.6-Fam.6-Temporada 20,,
238,tienda2shop/articulo/girl/6/2018547018,2018547018,JERSEY CORAZONE VERDE AGUA,,https://www.nanos.es/tweb/ul/1/fotos/medium/2018547018.jpg,53.94,Niña/,Colecc.6-Fam.6-Temporada 20,,
239,tienda2shop/articulo/girl/6/2018577003,2018577003,JERSEY ROSA,,https://www.nanos.es/tweb/ul/1/fotos/medium/2018577003.jpg,44.95,Niña/,Colecc.6-Fam.6-Temporada 20,,
240,tienda2shop/articulo/girl/6/2017552610,2017552610,PONCHO FELPA GRISOSCURO,,https://www.nanos.es/tweb/ul/1/fotos/medium/2017552610.jpg,41.94,Niña/,Colecc.6-Fam.6-Temporada 20,,
241,tienda2shop/articulo/girl/3/2013585963,2013585963,CAMISETA PUNTO ROSA,,https://www.nanos.es/tweb/ul/1/fotos/medium/2013585963.jpg,35.94,"Niña/Camisas, Polos y Camisetas",Colecc.6-Fam.3-Temporada 20,,
242,tienda2shop/articulo/girl/4/2083420014,2083420014,ZAPATO NIÑA MARYJANE.641 NEGRO,,https://www.nanos.es/tweb/ul/1/fotos/medium/2083420014.jpg,35.94,Niña/,Colecc.6-Fam.4-Temporada 20,,
243,tienda2shop/articulo/boy/6/2017771907,2017771907,SUDADERA MARINO,,https://www.nanos.es/tweb/ul/1/fotos/medium/2017771907.jpg,89.9,Niño/,Colecc.5-Fam.6-Temporada 20,,
244,tienda2shop/articulo/boy/9/2015750907,2015750907,PANTALON LONETA MARINO,,https://www.nanos.es/tweb/ul/1/fotos/medium/2015750907.jpg,48.93,Niño/,Colecc.5-Fam.9-Temporada 20,,
245,tienda2shop/articulo/boy/6/2017792333,2017792333,SUDADERA FELPA MOSTAZA,,https://www.nanos.es/tweb/ul/1/fotos/medium/2017792333.jpg,41.94,Niño/,Colecc.5-Fam.6-Temporada 20,,
246,tienda2shop/articulo/boy/3/2013865909,2013865909,CAMISETA GRIS CLARO,,https://www.nanos.es/tweb/ul/1/fotos/medium/2013865909.jpg,24.95,Niño/,Colecc.5-Fam.3-Temporada 20,,
247,tienda2shop/articulo/boy/3/2013750412,2013750412,CAMISA FRANELA VERDE BOT.,,https://www.nanos.es/tweb/ul/1/fotos/medium/2013750412.jpg,47.94,Niño/,Colecc.5-Fam.3-Temporada 20,,
248,tienda2shop/articulo/boy/3/2013822812,2013822812,POLO NIDO ABEJA VERDE BOT.,,https://www.nanos.es/tweb/ul/1/fotos/medium/2013822812.jpg,29.95,Niño/,Colecc.5-Fam.3-Temporada 20,,
249,tienda2shop/articulo/boy/3/2013822808,2013822808,POLO NIDO ABEJA AZULON,,https://www.nanos.es/tweb/ul/1/fotos/medium/2013822808.jpg,29.95,Niño/,Colecc.5-Fam.3-Temporada 20,,
250,tienda2shop/articulo/boy/3/2013842117,2013842117,CAMISA VIELLA CRUDO,,https://www.nanos.es/tweb/ul/1/fotos/medium/2013842117.jpg,41.94,Niño/,Colecc.5-Fam.3-Temporada 20,,
251,tienda2shop/articulo/boy/1/2089020012,2089020012,PLUMIFERO MOD.MICA.971 VERDE,,https://www.nanos.es/tweb/ul/1/fotos/medium/2089020012.jpg,143.92,Niño/Abrigos y Cazadoras,Colecc.5-Fam.1-Temporada 20,,
252,tienda2shop/articulo/boy/6/2017822312,2017822312,SUDADERA FELPA VERDE BOT.,,https://www.nanos.es/tweb/ul/1/fotos/medium/2017822312.jpg,53.94,Niño/,Colecc.5-Fam.6-Temporada 20,,
253,tienda2shop/articulo/boy/3/2013781602,2013781602,CAMISA ALLO,,https://www.nanos.es/tweb/ul/1/fotos/medium/2013781602.jpg,39.95,Niño/,Colecc.5-Fam.3-Temporada 20,,
254,tienda2shop/articulo/boy/6/2017751807,2017751807,SUDADERA FELPA MARINO,,https://www.nanos.es/tweb/ul/1/fotos/medium/2017751807.jpg,47.94,Niño/,Colecc.5-Fam.6-Temporada 20,,
255,tienda2shop/articulo/boy/9/2015801307,2015801307,PANTALON PUNTO MARINO,,https://www.nanos.es/tweb/ul/1/fotos/medium/2015801307.jpg,38.43,Niño/,Colecc.5-Fam.9-Temporada 20,,
256,tienda2shop/articulo/boy/4/2083290023,2083290023,POMPEII MINI HI MINI HIGBY.685 CAMEL,,https://www.nanos.es/tweb/ul/1/fotos/medium/2083290023.jpg,39.2,Niño/,Colecc.5-Fam.4-Temporada 20,,
257,tienda2shop/articulo/boy/4/2083310004,2083310004,POMPEII MINI HI MINI HIGBY.685 ROJO,,https://www.nanos.es/tweb/ul/1/fotos/medium/2083310004.jpg,39.2,Niño/,Colecc.5-Fam.4-Temporada 20,,
258,tienda2shop/articulo/boy/4/2083300010,2083300010,POMPEII MINI HI MINI HIGBY.685 GRIS,,https://www.nanos.es/tweb/ul/1/fotos/medium/2083300010.jpg?20201202162951,39.2,Niño/,Colecc.5-Fam.4-Temporada 20,,
259,tienda2shop/articulo/boy/4/2083280009,2083280009,POMPEII HIGBY HIGBY FOG.685 GRIS,,https://www.nanos.es/tweb/ul/1/fotos/medium/2083280009.jpg?20201202162931,39.2,Niño/,Colecc.5-Fam.4-Temporada 20,,
260,tienda2shop/articulo/boy/6/2017782311,2017782311,SUDADERA FELPA VERDE,,https://www.nanos.es/tweb/ul/1/fotos/medium/2017782311.jpg,41.94,Niño/,Colecc.5-Fam.6-Temporada 20,,
261,tienda2shop/articulo/boy/6/2017832314,2017832314,SUDADERA FELPA NEGRO,,https://www.nanos.es/tweb/ul/1/fotos/medium/2017832314.jpg,47.94,Niño/,Colecc.5-Fam.6-Temporada 20,,
262,tienda2shop/articulo/boy/6/2018787009,2018787009,JERSEY PUNTO GRIS CLARO,,https://www.nanos.es/tweb/ul/1/fotos/medium/2018787009.jpg,47.94,Niño/,Colecc.5-Fam.6-Temporada 20,,
263,tienda2shop/articulo/boy/2/2010826909,2010826909,GORRO PUNTO GRIS CLARO,,https://www.nanos.es/tweb/ul/1/fotos/medium/2010826909.jpg,29.94,Niño/Complementos,Colecc.5-Fam.2-Temporada 20,,
264,tienda2shop/articulo/boy/9/2015811021,2015811021,PANTALON LONETA TOSTADO,,https://www.nanos.es/tweb/ul/1/fotos/medium/2015811021.jpg,48.93,Niño/,Colecc.5-Fam.9-Temporada 20,,
265,tienda2shop/articulo/boy/9/2015761009,2015761009,PANTALON LONETA GRIS CLARO,,https://www.nanos.es/tweb/ul/1/fotos/medium/2015761009.jpg,41.94,Niño/,Colecc.5-Fam.9-Temporada 20,,
266,tienda2shop/articulo/boy/9/2015771010,2015771010,PANTALON LONETA GRISOSCURO,,https://www.nanos.es/tweb/ul/1/fotos/medium/2015771010.jpg,48.93,Niño/,Colecc.5-Fam.9-Temporada 20,,
267,tienda2shop/articulo/boy/9/2015811014,2015811014,PANTALON LONETA NEGRO,,https://www.nanos.es/tweb/ul/1/fotos/medium/2015811014.jpg,48.93,Niño/,Colecc.5-Fam.9-Temporada 20,,
268,tienda2shop/articulo/boy/6/2018756995,2018756995,JERSEY PUNTO TURQUESA,,https://www.nanos.es/tweb/ul/1/fotos/medium/2018756995.jpg,48.93,Niño/,Colecc.5-Fam.6-Temporada 20,,
269,tienda2shop/articulo/boy/1/2019752710,2019752710,BLASIER GRISOSCURO,,https://www.nanos.es/tweb/ul/1/fotos/medium/2019752710.jpg,125.93,Niño/Abrigos y Cazadoras,Colecc.5-Fam.1-Temporada 20,,
270,tienda2shop/articulo/boy/3/2013810006,2013810006,CAMISA CELESTE,,https://www.nanos.es/tweb/ul/1/fotos/medium/2013810006.jpg,48.93,Niño/,Colecc.5-Fam.3-Temporada 20,,
271,tienda2shop/articulo/boy/9/2015781125,2015781125,PANTALON MICROPANA GRANATE,,https://www.nanos.es/tweb/ul/1/fotos/medium/2015781125.jpg,41.94,Niño/,Colecc.5-Fam.9-Temporada 20,,
272,tienda2shop/articulo/boy/6/2018816994,2018816994,JERSEY GRECA ROJO,,https://www.nanos.es/tweb/ul/1/fotos/medium/2018816994.jpg,47.94,Niño/,Colecc.5-Fam.6-Temporada 20,,
273,tienda2shop/articulo/boy/3/2013850006,2013850006,CAMISA CELESTE,,https://www.nanos.es/tweb/ul/1/fotos/medium/2013850006.jpg,41.93,Niño/,Colecc.5-Fam.3-Temporada 20,,
274,tienda2shop/articulo/boy/9/2015811008,2015811008,PANTALON LONETA AZULON,,https://www.nanos.es/tweb/ul/1/fotos/medium/2015811008.jpg,48.93,Niño/,Colecc.5-Fam.9-Temporada 20,,
275,tienda2shop/articulo/boy/1/2019766108,2019766108,CAZADORA AZULON,,https://www.nanos.es/tweb/ul/1/fotos/medium/2019766108.jpg,94.95,Niño/Abrigos y Cazadoras,Colecc.5-Fam.1-Temporada 20,,
276,tienda2shop/articulo/boy/4/2083050007,2083050007,DEPORTIVO NIÑO 1118100.629 MARINO,,https://www.nanos.es/tweb/ul/1/fotos/medium/2083050007.jpg,31.92,Niño/,Colecc.5-Fam.4-Temporada 20,,
277,tienda2shop/articulo/boy/4/2083060009,2083060009,DEPORTIVO NIÑO 1364100.629 GRIS,,https://www.nanos.es/tweb/ul/1/fotos/medium/2083060009.jpg,39.9,Niño/,Colecc.5-Fam.4-Temporada 20,,
278,tienda2shop/articulo/boy/2/2010776925,2010776925,GORRO PUNTO GRANATE,,https://www.nanos.es/tweb/ul/1/fotos/medium/2010776925.jpg,29.94,Niño/Complementos,Colecc.5-Fam.2-Temporada 20,,
279,tienda2shop/articulo/boy/2/2010786925,2010786925,CUELLO PUNTO GRANATE,,https://www.nanos.es/tweb/ul/1/fotos/medium/2010786925.jpg,23.94,Niño/Complementos,Colecc.5-Fam.2-Temporada 20,,
280,tienda2shop/articulo/boy/1/2019845807,2019845807,BLASIER PANAMA MARINO,,https://www.nanos.es/tweb/ul/1/fotos/medium/2019845807.jpg,139.93,Niño/Abrigos y Cazadoras,Colecc.5-Fam.1-Temporada 20,,
281,tienda2shop/articulo/boy/3/2013732207,2013732207,CAMISA CUELLO I OXFORD MARINO,,https://www.nanos.es/tweb/ul/1/fotos/medium/2013732207.jpg,29.94,Niño/,Colecc.5-Fam.3-Temporada 20,,
282,tienda2shop/articulo/boy/3/2013761406,2013761406,CAMISA OXFORD CELESTE,,https://www.nanos.es/tweb/ul/1/fotos/medium/2013761406.jpg,48.93,Niño/,Colecc.5-Fam.3-Temporada 20,,
283,tienda2shop/articulo/boy/3/2013790307,2013790307,CAMISA MARINO,,https://www.nanos.es/tweb/ul/1/fotos/medium/2013790307.jpg,47.94,Niño/,Colecc.5-Fam.3-Temporada 20,,
284,tienda2shop/articulo/boy/2/2010796909,2010796909,GORRO PUNTO GRIS CLARO,,https://www.nanos.es/tweb/ul/1/fotos/medium/2010796909.jpg,29.94,Niño/Complementos,Colecc.5-Fam.2-Temporada 20,,
285,tienda2shop/articulo/boy/2/2010800009,2010800009,BRAGA PUNTO GRIS CLARO,,https://www.nanos.es/tweb/ul/1/fotos/medium/2010800009.jpg,23.94,Niño/Complementos,Colecc.5-Fam.2-Temporada 20,,
286,tienda2shop/articulo/boy/6/2018777009,2018777009,JERSEY PUNTO GRIS CLARO,,https://www.nanos.es/tweb/ul/1/fotos/medium/2018777009.jpg,47.94,Niño/,Colecc.5-Fam.6-Temporada 20,,
287,tienda2shop/articulo/boy/9/2015791208,2015791208,PANTALON AZULON,,https://www.nanos.es/tweb/ul/1/fotos/medium/2015791208.jpg,34.95,Niño/,Colecc.5-Fam.9-Temporada 20,,
288,tienda2shop/articulo/boy/2/2010750008,2010750008,PAJARITA AZULON,,https://www.nanos.es/tweb/ul/1/fotos/medium/2010750008.jpg,20.93,Niño/Complementos,Colecc.5-Fam.2-Temporada 20,,
289,tienda2shop/articulo/boy/2/2010760008,2010760008,CORBATA AZULON,,https://www.nanos.es/tweb/ul/1/fotos/medium/2010760008.jpg,24.43,Niño/Complementos,Colecc.5-Fam.2-Temporada 20,,
290,tienda2shop/articulo/boy/6/2018858509,2018858509,CHAQUETA PUNTO GRIS CLARO,,https://www.nanos.es/tweb/ul/1/fotos/medium/2018858509.jpg,34.95,Niño/,Colecc.5-Fam.6-Temporada 20,,
291,tienda2shop/articulo/boy/9/2015830933,2015830933,PANTALON MICROPANA MOSTAZA,,https://www.nanos.es/tweb/ul/1/fotos/medium/2015830933.jpg,24.95,Niño/,Colecc.5-Fam.9-Temporada 20,,
292,tienda2shop/articulo/boy/9/2015740747,2015740747,PANTALON PANA AZU/PETROL,,https://www.nanos.es/tweb/ul/1/fotos/medium/2015740747.jpg,29.95,Niño/,Colecc.5-Fam.9-Temporada 20,,
293,tienda2shop/articulo/boy/2/2010390004,2010390004,FULAR ROJO,,https://www.nanos.es/tweb/ul/1/fotos/medium/2010390004.jpg,23.94,Niño/Complementos,Colecc.5-Fam.2-Temporada 20,,
294,tienda2shop/articulo/boy/6/2018826969,2018826969,JERSEY PIEDRA PUNTO GRIS PIEDR,,https://www.nanos.es/tweb/ul/1/fotos/medium/2018826969.jpg,55.93,Niño/,Colecc.5-Fam.6-Temporada 20,,
295,tienda2shop/articulo/boy/3/2013771517,2013771517,CAMISA VIELLA CRUDO,,https://www.nanos.es/tweb/ul/1/fotos/medium/2013771517.jpg,39.95,Niño/,Colecc.5-Fam.3-Temporada 20,,
296,tienda2shop/articulo/boy/9/2015781121,2015781121,PANTALON MICROPANA TOSTADO,,https://www.nanos.es/tweb/ul/1/fotos/medium/2015781121.jpg,41.94,Niño/,Colecc.5-Fam.9-Temporada 20,,
297,tienda2shop/articulo/boy/1/2019821509,2019821509,TRENKA GRIS CLARO,,https://www.nanos.es/tweb/ul/1/fotos/medium/2019821509.jpg,95.94,Niño/Abrigos y Cazadoras,Colecc.5-Fam.1-Temporada 20,,
298,tienda2shop/articulo/boy/1/2019801321,2019801321,PELLIZA DOBLE FAZ TOSTADO,,https://www.nanos.es/tweb/ul/1/fotos/medium/2019801321.jpg,119.94,Niño/Abrigos y Cazadoras,Colecc.5-Fam.1-Temporada 20,,
299,tienda2shop/articulo/boy/1/2019811407,2019811407,TRENKA PAÑO MARINO,,https://www.nanos.es/tweb/ul/1/fotos/medium/2019811407.jpg,119.94,Niño/Abrigos y Cazadoras,Colecc.5-Fam.1-Temporada 20,,
300,tienda2shop/articulo/boy/1/2089470007,2089470007,PLUMIFERO NIÑO BOOGS 8626.630 MARINO.REC,,https://www.nanos.es/tweb/ul/1/fotos/medium/2089470007.jpg,139.93,Niño/Abrigos y Cazadoras,Colecc.5-Fam.1-Temporada 20,,
301,tienda2shop/articulo/boy/1/2019796623,2019796623,PARKA BEIGE,,https://www.nanos.es/tweb/ul/1/fotos/medium/2019796623.jpg,92.45,Niño/Abrigos y Cazadoras,Colecc.5-Fam.1-Temporada 20,,
302,tienda2shop/articulo/boy/6/2017802308,2017802308,SUDADERA FELPA AZULON,,https://www.nanos.es/tweb/ul/1/fotos/medium/2017802308.jpg,41.94,Niño/,Colecc.5-Fam.6-Temporada 20,,
303,tienda2shop/articulo/boy/3/2013801707,2013801707,CAMISA MARINO,,https://www.nanos.es/tweb/ul/1/fotos/medium/2013801707.jpg,41.94,Niño/,Colecc.5-Fam.3-Temporada 20,,
304,tienda2shop/articulo/boy/4/2083490009,2083490009,DEPORTIVO NIÑO 1118100.629 GRIS,,https://www.nanos.es/tweb/ul/1/fotos/medium/2083490009.jpg,31.92,Niño/,Colecc.5-Fam.4-Temporada 20,,
305,tienda2shop/articulo/mascarillas/0/5115000003,5115000003,MASCARILLA CUADROS ROSA CUADROS,,https://www.nanos.es/tweb/ul/1/fotos/medium/5115000003.jpg,14.9,Mascarillas/,Colecc.1-Fam.0-Temporada 0,,
306,tienda2shop/articulo/mascarillas/0/5115000006,5115000006,MASCARILLA RAYAS FINAS CELESTE,,https://www.nanos.es/tweb/ul/1/fotos/medium/5115000006.jpg,14.9,Mascarillas/,Colecc.1-Fam.0-Temporada 0,,
307,tienda2shop/articulo/mascarillas/0/5115000007,5115000007,MASCARILLA TEJANA MARINO MARINO,,https://www.nanos.es/tweb/ul/1/fotos/medium/5115000007.jpg,14.9,Mascarillas/,Colecc.1-Fam.0-Temporada 0,,
308,tienda2shop/articulo/mascarillas/0/5115000008,5115000008,MASCARILLA PINGUINOS AZUL AZUL,,https://www.nanos.es/tweb/ul/1/fotos/medium/5115000008.jpg,14.9,Mascarillas/,Colecc.1-Fam.0-Temporada 0,,
309,tienda2shop/articulo/mascarillas/0/5115000009,5115000009,MASCARILLA ESTRELLA GRIS FONDO GRIS,,https://www.nanos.es/tweb/ul/1/fotos/medium/5115000009.jpg,14.9,Mascarillas/,Colecc.1-Fam.0-Temporada 0,,
310,tienda2shop/articulo/mascarillas/0/5115000011,5115000011,MASCARILLA LINO VERDE VERDE,,https://www.nanos.es/tweb/ul/1/fotos/medium/5115000011.jpg,14.9,Mascarillas/,Colecc.1-Fam.0-Temporada 0,,
311,tienda2shop/articulo/mascarillas/0/5115000014,5115000014,MASCARILLA NEGRO AZUL,,https://www.nanos.es/tweb/ul/1/fotos/medium/5115000014.jpg,14.9,Mascarillas/,Colecc.1-Fam.0-Temporada 0,,
312,tienda2shop/articulo/mascarillas/0/5115000019,5115000019,MASCARILLA FLORES BASE NEG FLORES,,https://www.nanos.es/tweb/ul/1/fotos/medium/5115000019.jpg,14.9,Mascarillas/,Colecc.1-Fam.0-Temporada 0,,
313,tienda2shop/articulo/mascarillas/0/5115000021,5115000021,MASCARILLA LUNAR ARENA LUNARES,,https://www.nanos.es/tweb/ul/1/fotos/medium/5115000021.jpg,14.9,Mascarillas/,Colecc.1-Fam.0-Temporada 0,,
314,tienda2shop/articulo/mascarillas/0/5115000023,5115000023,MASCARILLA LUNAR NEGRO FONDO AREN,,https://www.nanos.es/tweb/ul/1/fotos/medium/5115000023.jpg,14.9,Mascarillas/,Colecc.1-Fam.0-Temporada 0,,
315,tienda2shop/articulo/mascarillas/0/5115000025,5115000025,MASCARILLA ESTRELLA GRANAT GRANATE,,https://www.nanos.es/tweb/ul/1/fotos/medium/5115000025.jpg,14.9,Mascarillas/,Colecc.1-Fam.0-Temporada 0,,
316,tienda2shop/articulo/mascarillas/0/5115000032,5115000032,MASCARILLA RAYAS MOSTAZA ARENA/MOST,,https://www.nanos.es/tweb/ul/1/fotos/medium/5115000032.jpg,14.9,Mascarillas/,Colecc.1-Fam.0-Temporada 0,,
317,tienda2shop/articulo/mascarillas/0/5115000033,5115000033,MASCARILLA FLORES MOSTAZA MOSTAZA,,https://www.nanos.es/tweb/ul/1/fotos/medium/5115000033.jpg,14.9,Mascarillas/,Colecc.1-Fam.0-Temporada 0,,
318,tienda2shop/articulo/mascarillas/0/5115000043,5115000043,MASCARILLA TOILE DE JOUY CORAL,,https://www.nanos.es/tweb/ul/1/fotos/medium/5115000043.jpg,14.9,Mascarillas/,Colecc.1-Fam.0-Temporada 0,,
319,tienda2shop/articulo/mascarillas/0/5115000046,5115000046,MASCARILLA AZUL TEJANO TEJANO,,https://www.nanos.es/tweb/ul/1/fotos/medium/5115000046.jpg,14.9,Mascarillas/,Colecc.1-Fam.0-Temporada 0,,
320,tienda2shop/articulo/mascarillas/0/5115000067,5115000067,MASCARILLA CUADROS MARINO CUADROS,,https://www.nanos.es/tweb/ul/1/fotos/medium/5115000067.jpg,14.9,Mascarillas/,Colecc.1-Fam.0-Temporada 0,,
321,tienda2shop/articulo/mascarillas/0/5115000087,5115000087,MASCARILLA RAYAS MARINO MARINO,,https://www.nanos.es/tweb/ul/1/fotos/medium/5115000087.jpg,14.9,Mascarillas/,Colecc.1-Fam.0-Temporada 0,,
322,tienda2shop/articulo/mascarillas/0/5115000094,5115000094,MASCARILLA RAYAS ROJAS ROJO,,https://www.nanos.es/tweb/ul/1/fotos/medium/5115000094.jpg,14.9,Mascarillas/,Colecc.1-Fam.0-Temporada 0,,
323,tienda2shop/articulo/mascarillas/0/5115000097,5115000097,MASCARILLA RAYAS VARIOS VARIOS,,https://www.nanos.es/tweb/ul/1/fotos/medium/5115000097.jpg,14.9,Mascarillas/,Colecc.1-Fam.0-Temporada 0,,
324,tienda2shop/articulo/mascarillas/0/5115040000,5115040000,FILTROS MASCARL 8 FILTROS BLANCO,,https://www.nanos.es/tweb/ul/1/fotos/medium/5115040000.jpg,2.4,Mascarillas/,Colecc.1-Fam.0-Temporada 0,,
325,tienda2shop/articulo/2/00/2010660003,2010660003,CORDON MASCARIL ROSA,,https://www.nanos.es/tweb/ul/1/fotos/medium/2010660003.jpg,8.9,Niña/Complementos,Colecc.6-Fam.2-Temporada 0,,
326,tienda2shop/articulo/2/00/2010670003,2010670003,CORDON MASCARIL ROSA,,https://www.nanos.es/tweb/ul/1/fotos/medium/2010670003.jpg,8.9,Niña/Complementos,Colecc.6-Fam.2-Temporada 0,,
327,tienda2shop/articulo/2/00/2010680002,2010680002,CORDON MASCARIL ALLO,,https://www.nanos.es/tweb/ul/1/fotos/medium/2010680002.jpg,7,Niño/Complementos,Colecc.5-Fam.2-Temporada 0,,
328,tienda2shop/articulo/2/00/2010680007,2010680007,CORDON MASCARIL MARINO,,https://www.nanos.es/tweb/ul/1/fotos/medium/2010680007.jpg,7,Niño/Complementos,Colecc.5-Fam.2-Temporada 0,,
329,tienda2shop/articulo/9/00/1115026001,1115026001,RANITA FELPA BLANCO,,https://www.nanos.es/tweb/ul/1/fotos/medium/1115026001.jpg,59.9,Bebé Niña/,Colecc.2-Fam.9-Temporada 11,,
330,tienda2shop/articulo/6/00/1118038786,1118038786,CHAQUETA AZUL,,https://www.nanos.es/tweb/ul/1/fotos/medium/1118038786.jpg,62.91,Bebé Niña/,Colecc.2-Fam.6-Temporada 11,,
331,tienda2shop/articulo/7/00/1112116608,1112116608,MINI AZULON,,https://www.nanos.es/tweb/ul/1/fotos/medium/1112116608.jpg,98.91,Bebé Niña/,Colecc.2-Fam.7-Temporada 11,,
332,tienda2shop/articulo/7/00/1112044003,1112044003,MINI ROSA,,https://www.nanos.es/tweb/ul/1/fotos/medium/1112044003.jpg,107.91,Bebé Niña/,Colecc.2-Fam.7-Temporada 11,,
333,tienda2shop/articulo/6/00/1118275511,1118275511,JERSEY PUNTO VERDE,,https://www.nanos.es/tweb/ul/1/fotos/medium/1118275511.jpg,69.9,Bebé Niño/,Colecc.3-Fam.6-Temporada 11,,
334,tienda2shop/articulo/3/00/1113305901,1113305901,CAMISETA BLANCO,,https://www.nanos.es/tweb/ul/1/fotos/medium/1113305901.jpg,35.91,/,Colecc.9-Fam.3-Temporada 11,,
335,tienda2shop/articulo/6/00/1117256006,1117256006,SUDADERA CELESTE,,https://www.nanos.es/tweb/ul/1/fotos/medium/1117256006.jpg,59.9,Bebé Niño/,Colecc.3-Fam.6-Temporada 11,,
336,tienda2shop/articulo/9/00/1115284505,1115284505,RANITA LONETA TURQUESA,,https://www.nanos.es/tweb/ul/1/fotos/medium/1115284505.jpg,59.9,Bebé Niño/,Colecc.3-Fam.9-Temporada 11,,
337,tienda2shop/articulo/6/00/1118327232,1118327232,CHAQUETA PUNTO ARENA,,https://www.nanos.es/tweb/ul/1/fotos/medium/1118327232.jpg,62.91,Bebé Niño/,Colecc.3-Fam.6-Temporada 11,,
338,tienda2shop/articulo/4/00/1183080021,1183080021,PEPITO NIÑO 8349-1.176 ARENA,,https://www.nanos.es/tweb/ul/1/fotos/medium/1183080021.jpg,64.9,Bebé Niño/,Colecc.3-Fam.4-Temporada 11,,
339,tienda2shop/articulo/3/00/1113264707,1113264707,CAMISETA PUNTO MARINO,,https://www.nanos.es/tweb/ul/1/fotos/medium/1113264707.jpg,49.9,Bebé Niño/,Colecc.3-Fam.3-Temporada 11,,
340,tienda2shop/articulo/9/00/1115265407,1115265407,PANTALON MARINO,,https://www.nanos.es/tweb/ul/1/fotos/medium/1115265407.jpg,49.9,Bebé Niño/,Colecc.3-Fam.9-Temporada 11,,
341,tienda2shop/articulo/6/00/1117536035,1117536035,SUDADERA FELPA PISTACHO,,https://www.nanos.es/tweb/ul/1/fotos/medium/1117536035.jpg,79.9,Niña/,Colecc.6-Fam.6-Temporada 11,,
342,tienda2shop/articulo/6/00/1117560003,1117560003,SUDADERA FELPA ROSA,,https://www.nanos.es/tweb/ul/1/fotos/medium/1117560003.jpg,89.9,Niña/,Colecc.6-Fam.6-Temporada 11,,
343,tienda2shop/articulo/3/00/1113625901,1113625901,CAMISETA PUNTO BLANCO,,https://www.nanos.es/tweb/ul/1/fotos/medium/1113625901.jpg,54.9,"Niña/Camisas, Polos y Camisetas",Colecc.6-Fam.3-Temporada 11,,
344,tienda2shop/articulo/3/00/1113564104,1113564104,CAMISETA ROJO,,https://www.nanos.es/tweb/ul/1/fotos/medium/1113564104.jpg,59.9,"Niña/Camisas, Polos y Camisetas",Colecc.6-Fam.3-Temporada 11,,
345,tienda2shop/articulo/9/00/1115571307,1115571307,PETO MARINO,,https://www.nanos.es/tweb/ul/1/fotos/medium/1115571307.jpg,89.91,Niña/,Colecc.6-Fam.9-Temporada 11,,
346,tienda2shop/articulo/2/00/1110770021,1110770021,PULSERA TOSTADO,,https://www.nanos.es/tweb/ul/1/fotos/medium/1110770021.jpg,11.9,Niño/Complementos,Colecc.5-Fam.2-Temporada 11,,
347,tienda2shop/articulo/6/00/1118535501,1118535501,JERSEY BLANCO,,https://www.nanos.es/tweb/ul/1/fotos/medium/1118535501.jpg,69.9,Niña/,Colecc.6-Fam.6-Temporada 11,,
348,tienda2shop/articulo/8/00/1114551909,1114551909,FALDA LISTAS GRIS CLARO,,https://www.nanos.es/tweb/ul/1/fotos/medium/1114551909.jpg,69.9,Niña/,Colecc.6-Fam.8-Temporada 11,,
349,tienda2shop/articulo/6/00/1117513407,1117513407,SUDADERA RAYAS FELPA MARINO,,https://www.nanos.es/tweb/ul/1/fotos/medium/1117513407.jpg,79.9,Niña/,Colecc.6-Fam.6-Temporada 11,,
350,tienda2shop/articulo/3/00/1113585107,1113585107,CAMISETA PUNTO MARINO,,https://www.nanos.es/tweb/ul/1/fotos/medium/1113585107.jpg,59.9,"Niña/Camisas, Polos y Camisetas",Colecc.6-Fam.3-Temporada 11,,
351,tienda2shop/articulo/2/00/1110760021,1110760021,PULSERA TOSTADO,,https://www.nanos.es/tweb/ul/1/fotos/medium/1110760021.jpg,10.9,Niño/Complementos,Colecc.5-Fam.2-Temporada 11,,
352,tienda2shop/articulo/2/00/1110590011,1110590011,PULSERA VERDE,,https://www.nanos.es/tweb/ul/1/fotos/medium/1110590011.jpg,12.9,Niña/Complementos,Colecc.6-Fam.2-Temporada 11,,
353,tienda2shop/articulo/3/00/1113604517,1113604517,CAMISETA CRUDO,,https://www.nanos.es/tweb/ul/1/fotos/medium/1113604517.jpg,62.91,"Niña/Camisas, Polos y Camisetas",Colecc.6-Fam.3-Temporada 11,,
354,tienda2shop/articulo/9/00/1115531124,1115531124,PETO VERDE KAKI,,https://www.nanos.es/tweb/ul/1/fotos/medium/1115531124.jpg,80.91,Niña/,Colecc.6-Fam.9-Temporada 11,,
355,tienda2shop/articulo/2/00/1110530012,1110530012,GARGANTILLA VERDE BOT.,,https://www.nanos.es/tweb/ul/1/fotos/medium/1110530012.jpg,14.9,Niña/Complementos,Colecc.6-Fam.2-Temporada 11,,
356,tienda2shop/articulo/7/00/1112571817,1112571817,VESTIDO CRUDO,,https://www.nanos.es/tweb/ul/1/fotos/medium/1112571817.jpg,139.9,Niña/,Colecc.6-Fam.7-Temporada 11,,
357,tienda2shop/articulo/7/00/1112551611,1112551611,VESTIDO PLUMETI VERDE,,https://www.nanos.es/tweb/ul/1/fotos/medium/1112551611.jpg,139.9,Niña/,Colecc.6-Fam.7-Temporada 11,,
358,tienda2shop/articulo/6/00/1117556099,1117556099,FELPA NARANJA,,https://www.nanos.es/tweb/ul/1/fotos/medium/1117556099.jpg,69.9,Niña/,Colecc.6-Fam.6-Temporada 11,,
359,tienda2shop/articulo/3/00/1113565963,1113565963,CAMISETA ROSA,,https://www.nanos.es/tweb/ul/1/fotos/medium/1113565963.jpg,54.9,"Niña/Camisas, Polos y Camisetas",Colecc.6-Fam.3-Temporada 11,,
360,tienda2shop/articulo/4/00/1183160043,1183160043,LONETA ROSA 55500.581 ROSA,,https://www.nanos.es/tweb/ul/1/fotos/medium/1183160043.jpg,24.9,Niña/,Colecc.6-Fam.4-Temporada 11,,
361,tienda2shop/articulo/3/00/1113610006,1113610006,CAMISETA CELESTE,,https://www.nanos.es/tweb/ul/1/fotos/medium/1113610006.jpg,69.9,"Niña/Camisas, Polos y Camisetas",Colecc.6-Fam.3-Temporada 11,,
362,tienda2shop/articulo/0/00/1110520056,1110520056,COLLAR AZUL,,https://www.nanos.es/tweb/ul/1/fotos/medium/1110520056.jpg,9.9,Niña/,Colecc.6-Fam.0-Temporada 11,,
363,tienda2shop/articulo/8/00/1114524111,1114524111,FALDA LONETA VERDE,,https://www.nanos.es/tweb/ul/1/fotos/medium/1114524111.jpg,69.9,Niña/,Colecc.6-Fam.8-Temporada 11,,
364,tienda2shop/articulo/2/00/1110600013,1110600013,PULSERA FUCSIA,,https://www.nanos.es/tweb/ul/1/fotos/medium/1110600013.jpg,11.9,Niña/Complementos,Colecc.6-Fam.2-Temporada 11,,
365,tienda2shop/articulo/9/00/1115512207,1115512207,PANTALON MARINO,,https://www.nanos.es/tweb/ul/1/fotos/medium/1115512207.jpg,79.9,Niña/,Colecc.6-Fam.9-Temporada 11,,
366,tienda2shop/articulo/9/00/1115924901,1115924901,PANTALON BLANCO,,https://www.nanos.es/tweb/ul/1/fotos/medium/1115924901.jpg,53.91,Niño/,Colecc.5-Fam.9-Temporada 11,,
367,tienda2shop/articulo/6/00/1117796010,1117796010,SUDADERA FELPA GRISOSCURO,,https://www.nanos.es/tweb/ul/1/fotos/medium/1117796010.jpg,69.9,Niño/,Colecc.5-Fam.6-Temporada 11,,
368,tienda2shop/articulo/3/00/1113781906,1113781906,CAMISA ALGODON CELESTE,,https://www.nanos.es/tweb/ul/1/fotos/medium/1113781906.jpg,62.91,Niño/,Colecc.5-Fam.3-Temporada 11,,
369,tienda2shop/articulo/9/00/1115871063,1115871063,PANTALON LONETA ROSA,,https://www.nanos.es/tweb/ul/1/fotos/medium/1115871063.jpg,49.41,Niño/,Colecc.5-Fam.9-Temporada 11,,
370,tienda2shop/articulo/6/00/1117756019,1117756019,SUDADERA FLUOR NARANJA,,https://www.nanos.es/tweb/ul/1/fotos/medium/1117756019.jpg,79.9,Niño/,Colecc.5-Fam.6-Temporada 11,,
371,tienda2shop/articulo/6/00/1117806002,1117806002,SUDADERA FELPA ALLO,,https://www.nanos.es/tweb/ul/1/fotos/medium/1117806002.jpg,71.91,Niño/,Colecc.5-Fam.6-Temporada 11,,
372,tienda2shop/articulo/3/00/1113753708,1113753708,POLO NIÑO AZULON,,https://www.nanos.es/tweb/ul/1/fotos/medium/1113753708.jpg,59.9,Niño/,Colecc.5-Fam.3-Temporada 11,,
373,tienda2shop/articulo/6/00/1117766056,1117766056,SUDADERA FELPA AZUL,,https://www.nanos.es/tweb/ul/1/fotos/medium/1117766056.jpg,79.9,Niño/,Colecc.5-Fam.6-Temporada 11,,
374,tienda2shop/articulo/4/00/1183110023,1183110023,MOCASIN PIEDRA 6801-1.176 PIEDRA,,https://www.nanos.es/tweb/ul/1/fotos/medium/1183110023.jpg,64.9,Niño/,Colecc.5-Fam.4-Temporada 11,,
375,tienda2shop/articulo/6/00/1117776017,1117776017,SUDADERA FELPA CRUDO,,https://www.nanos.es/tweb/ul/1/fotos/medium/1117776017.jpg,79.9,Niño/,Colecc.5-Fam.6-Temporada 11,,
376,tienda2shop/articulo/3/00/1113753705,1113753705,POLO NIÑO TURQUESA,,https://www.nanos.es/tweb/ul/1/fotos/medium/1113753705.jpg,59.9,Niño/,Colecc.5-Fam.3-Temporada 11,,
377,tienda2shop/articulo/9/00/1115774595,1115774595,PANTALON LONETA TURQUESA,,https://www.nanos.es/tweb/ul/1/fotos/medium/1115774595.jpg,59.9,Niño/,Colecc.5-Fam.9-Temporada 11,,
378,tienda2shop/articulo/4/00/1183120007,1183120007,DEPORTIVO NIÑO 5500-17.176 MARINO,,https://www.nanos.es/tweb/ul/1/fotos/medium/1183120007.jpg,53.91,Niño/,Colecc.5-Fam.4-Temporada 11,,
